<?xml version="1.0" encoding="UTF-8"?>
<!DOCTYPE plist PUBLIC "-//Apple//DTD PLIST 1.0//EN" "http://www.apple.com/DTDs/PropertyList-1.0.dtd">
<plist version="1.0">
<dict>
	<key>author</key>
	<string></string>
	<key>comments</key>
	<string></string>
	<key>isUsingConstrainedLayout</key>
	<true/>
	<key>keywords</key>
	<string></string>
	<key>mindMap</key>
	<dict>
		<key>associations</key>
		<array/>
		<key>color</key>
		<string>{0.956, 0.966, 0.956, 1.000}</string>
		<key>mainNodes</key>
		<array>
			<dict>
				<key>contentAlignment</key>
				<integer>1</integer>
				<key>fillColor</key>
				<string>{1.000, 1.000, 1.000, 1.000}</string>
				<key>isDecreasingBranchThickness</key>
				<true/>
				<key>isDrawingFill</key>
				<true/>
				<key>isLeftAligned</key>
				<false/>
				<key>location</key>
				<string>{0, 0}</string>
				<key>nodeID</key>
				<string>6445AEE4-0A32-4925-B193-775D47B7AB27</string>
				<key>strokeColor</key>
				<string>{0.965, 0.965, 0.965, 1.000}</string>
				<key>strokeStyle</key>
				<integer>0</integer>
				<key>strokeWidth</key>
				<real>2</real>
				<key>subnodes</key>
				<array>
					<dict>
						<key>contentAlignment</key>
						<integer>1</integer>
						<key>fillColor</key>
						<string>{1.000, 1.000, 1.000, 1.000}</string>
						<key>isDecreasingBranchThickness</key>
						<true/>
						<key>isDrawingFill</key>
						<false/>
						<key>isLeftAligned</key>
						<false/>
						<key>location</key>
						<string>{195, -252}</string>
						<key>nodeID</key>
						<string>2C45B4E5-53D9-4BF0-AC65-924F8FA9EFB3</string>
						<key>strokeColor</key>
						<string>{0.689, 0.215, 0.952, 1.000}</string>
						<key>strokeStyle</key>
						<integer>0</integer>
						<key>strokeWidth</key>
						<real>6</real>
						<key>subnodes</key>
						<array>
							<dict>
								<key>contentAlignment</key>
								<integer>1</integer>
								<key>fillColor</key>
								<string>{1.000, 1.000, 1.000, 1.000}</string>
								<key>isDecreasingBranchThickness</key>
								<true/>
								<key>isDrawingFill</key>
								<false/>
								<key>isLeftAligned</key>
								<false/>
								<key>location</key>
								<string>{311, -497}</string>
								<key>nodeID</key>
								<string>E4A777FF-C0EE-40EC-A4D6-3EBBF4354DAF</string>
								<key>strokeColor</key>
								<string>{0.690, 0.212, 0.949, 1.000}</string>
								<key>strokeStyle</key>
								<integer>0</integer>
								<key>strokeWidth</key>
								<real>5</real>
								<key>subnodes</key>
								<array>
									<dict>
										<key>contentAlignment</key>
										<integer>1</integer>
										<key>fillColor</key>
										<string>{1.000, 1.000, 1.000, 1.000}</string>
										<key>isDecreasingBranchThickness</key>
										<true/>
										<key>isDrawingFill</key>
										<false/>
										<key>isLeftAligned</key>
										<false/>
										<key>location</key>
										<string>{460, -584.5}</string>
										<key>nodeID</key>
										<string>25C2C846-1CAD-4FE7-A391-A14B8EBEB068</string>
										<key>strokeColor</key>
										<string>{0.690, 0.212, 0.949, 1.000}</string>
										<key>strokeStyle</key>
										<integer>0</integer>
										<key>strokeWidth</key>
										<real>4</real>
										<key>subnodes</key>
										<array/>
										<key>title</key>
										<dict>
											<key>constrainedWidth</key>
											<integer>300</integer>
											<key>htmlText</key>
											<string>&lt;p style='color: rgba(91, 91, 91, 1.000000); font: 18px "Heiti SC"; -cocoa-font-postscriptname: "STHeitiSC-Light"; '&gt;ViewController&lt;/p&gt;</string>
											<key>shrinkToFitContent</key>
											<integer>1</integer>
											<key>text</key>
											<string>{\rtf1\ansi\ansicpg936\cocoartf1347\cocoasubrtf570
{\fonttbl\f0\fnil\fcharset134 STHeitiSC-Light;}
{\colortbl;\red255\green255\blue255;\red91\green91\blue91;}
\pard\tx560\tx1120\tx1680\tx2240\tx2800\tx3360\tx3920\tx4480\tx5040\tx5600\tx6160\tx6720\pardirnatural

\f0\fs36 \cf2 ViewController}</string>
										</dict>
									</dict>
									<dict>
										<key>contentAlignment</key>
										<integer>1</integer>
										<key>fillColor</key>
										<string>{1.000, 1.000, 1.000, 1.000}</string>
										<key>isDecreasingBranchThickness</key>
										<true/>
										<key>isDrawingFill</key>
										<false/>
										<key>isLeftAligned</key>
										<false/>
										<key>location</key>
										<string>{460, -549.5}</string>
										<key>nodeID</key>
										<string>7070DCCF-75A7-4D2C-BA4F-A2FDFE5CAECA</string>
										<key>strokeColor</key>
										<string>{0.690, 0.212, 0.949, 1.000}</string>
										<key>strokeStyle</key>
										<integer>0</integer>
										<key>strokeWidth</key>
										<real>4</real>
										<key>subnodes</key>
										<array/>
										<key>title</key>
										<dict>
											<key>constrainedWidth</key>
											<integer>300</integer>
											<key>htmlText</key>
											<string>&lt;p style='color: rgba(91, 91, 91, 1.000000); font: 18px "Heiti SC"; -cocoa-font-postscriptname: "STHeitiSC-Light"; '&gt;View&lt;/p&gt;</string>
											<key>shrinkToFitContent</key>
											<integer>1</integer>
											<key>text</key>
											<string>{\rtf1\ansi\ansicpg936\cocoartf1347\cocoasubrtf570
{\fonttbl\f0\fnil\fcharset134 STHeitiSC-Light;}
{\colortbl;\red255\green255\blue255;\red91\green91\blue91;}
\pard\tx560\tx1120\tx1680\tx2240\tx2800\tx3360\tx3920\tx4480\tx5040\tx5600\tx6160\tx6720\pardirnatural

\f0\fs36 \cf2 View}</string>
										</dict>
									</dict>
									<dict>
										<key>contentAlignment</key>
										<integer>1</integer>
										<key>fillColor</key>
										<string>{1.000, 1.000, 1.000, 1.000}</string>
										<key>isDecreasingBranchThickness</key>
										<true/>
										<key>isDrawingFill</key>
										<false/>
										<key>isLeftAligned</key>
										<false/>
										<key>location</key>
										<string>{460, -514.5}</string>
										<key>nodeID</key>
										<string>72067E2A-721D-4CC2-A62C-B1B16CB08D16</string>
										<key>strokeColor</key>
										<string>{0.690, 0.212, 0.949, 1.000}</string>
										<key>strokeStyle</key>
										<integer>0</integer>
										<key>strokeWidth</key>
										<real>4</real>
										<key>subnodes</key>
										<array/>
										<key>title</key>
										<dict>
											<key>constrainedWidth</key>
											<integer>300</integer>
											<key>htmlText</key>
											<string>&lt;p style='color: rgba(91, 91, 91, 1.000000); font: 18px "Heiti SC"; -cocoa-font-postscriptname: "STHeitiSC-Light"; '&gt;Model&lt;/p&gt;</string>
											<key>shrinkToFitContent</key>
											<integer>1</integer>
											<key>text</key>
											<string>{\rtf1\ansi\ansicpg936\cocoartf1347\cocoasubrtf570
{\fonttbl\f0\fnil\fcharset134 STHeitiSC-Light;}
{\colortbl;\red255\green255\blue255;\red91\green91\blue91;}
\pard\tx560\tx1120\tx1680\tx2240\tx2800\tx3360\tx3920\tx4480\tx5040\tx5600\tx6160\tx6720\pardirnatural

\f0\fs36 \cf2 Model}</string>
										</dict>
									</dict>
									<dict>
										<key>contentAlignment</key>
										<integer>1</integer>
										<key>fillColor</key>
										<string>{1.000, 1.000, 1.000, 1.000}</string>
										<key>isDecreasingBranchThickness</key>
										<true/>
										<key>isDrawingFill</key>
										<false/>
										<key>isLeftAligned</key>
										<false/>
										<key>location</key>
										<string>{460, -462}</string>
										<key>nodeID</key>
										<string>E5B2E766-205E-4089-BEB4-B16089F2BFC8</string>
										<key>strokeColor</key>
										<string>{0.690, 0.212, 0.949, 1.000}</string>
										<key>strokeStyle</key>
										<integer>0</integer>
										<key>strokeWidth</key>
										<real>4</real>
										<key>subnodes</key>
										<array>
											<dict>
												<key>contentAlignment</key>
												<integer>1</integer>
												<key>fillColor</key>
												<string>{1.000, 1.000, 1.000, 1.000}</string>
												<key>isDecreasingBranchThickness</key>
												<true/>
												<key>isDrawingFill</key>
												<false/>
												<key>isLeftAligned</key>
												<false/>
												<key>location</key>
												<string>{614, -479.5}</string>
												<key>nodeID</key>
												<string>23AE6E40-27C4-4CF2-99AD-FF0192CACE82</string>
												<key>strokeColor</key>
												<string>{0.690, 0.212, 0.949, 1.000}</string>
												<key>strokeStyle</key>
												<integer>0</integer>
												<key>strokeWidth</key>
												<real>3</real>
												<key>subnodes</key>
												<array/>
												<key>title</key>
												<dict>
													<key>constrainedWidth</key>
													<integer>300</integer>
													<key>htmlText</key>
													<string>&lt;p style='color: rgba(91, 91, 91, 1.000000); font: 18px "Heiti SC"; -cocoa-font-postscriptname: "STHeitiSC-Light"; '&gt;Image&lt;/p&gt;</string>
													<key>shrinkToFitContent</key>
													<integer>1</integer>
													<key>text</key>
													<string>{\rtf1\ansi\ansicpg936\cocoartf1347\cocoasubrtf570
{\fonttbl\f0\fnil\fcharset134 STHeitiSC-Light;}
{\colortbl;\red255\green255\blue255;\red91\green91\blue91;}
\pard\tx560\tx1120\tx1680\tx2240\tx2800\tx3360\tx3920\tx4480\tx5040\tx5600\tx6160\tx6720\pardirnatural

\f0\fs36 \cf2 Image}</string>
												</dict>
											</dict>
											<dict>
												<key>contentAlignment</key>
												<integer>1</integer>
												<key>fillColor</key>
												<string>{1.000, 1.000, 1.000, 1.000}</string>
												<key>isDecreasingBranchThickness</key>
												<true/>
												<key>isDrawingFill</key>
												<false/>
												<key>isLeftAligned</key>
												<false/>
												<key>location</key>
												<string>{614, -444.5}</string>
												<key>nodeID</key>
												<string>F08AD9C1-A188-4B22-B1BF-64C68C85E286</string>
												<key>strokeColor</key>
												<string>{0.690, 0.212, 0.949, 1.000}</string>
												<key>strokeStyle</key>
												<integer>0</integer>
												<key>strokeWidth</key>
												<real>3</real>
												<key>subnodes</key>
												<array/>
												<key>title</key>
												<dict>
													<key>constrainedWidth</key>
													<integer>300</integer>
													<key>htmlText</key>
													<string>&lt;p style='color: rgba(91, 91, 91, 1.000000); font: 18px "Heiti SC"; -cocoa-font-postscriptname: "STHeitiSC-Light"; '&gt;Other&lt;/p&gt;</string>
													<key>shrinkToFitContent</key>
													<integer>1</integer>
													<key>text</key>
													<string>{\rtf1\ansi\ansicpg936\cocoartf1347\cocoasubrtf570
{\fonttbl\f0\fnil\fcharset134 STHeitiSC-Light;}
{\colortbl;\red255\green255\blue255;\red91\green91\blue91;}
\pard\tx560\tx1120\tx1680\tx2240\tx2800\tx3360\tx3920\tx4480\tx5040\tx5600\tx6160\tx6720\pardirnatural

\f0\fs36 \cf2 Other}</string>
												</dict>
											</dict>
										</array>
										<key>title</key>
										<dict>
											<key>constrainedWidth</key>
											<integer>300</integer>
											<key>htmlText</key>
											<string>&lt;p style='color: rgba(91, 91, 91, 1.000000); font: 18px "Heiti SC"; -cocoa-font-postscriptname: "STHeitiSC-Light"; '&gt;Resource&lt;/p&gt;</string>
											<key>shrinkToFitContent</key>
											<integer>1</integer>
											<key>text</key>
											<string>{\rtf1\ansi\ansicpg936\cocoartf1347\cocoasubrtf570
{\fonttbl\f0\fnil\fcharset134 STHeitiSC-Light;}
{\colortbl;\red255\green255\blue255;\red91\green91\blue91;}
\pard\tx560\tx1120\tx1680\tx2240\tx2800\tx3360\tx3920\tx4480\tx5040\tx5600\tx6160\tx6720\pardirnatural

\f0\fs36 \cf2 Resource}</string>
										</dict>
									</dict>
									<dict>
										<key>contentAlignment</key>
										<integer>1</integer>
										<key>fillColor</key>
										<string>{1.000, 1.000, 1.000, 1.000}</string>
										<key>isDecreasingBranchThickness</key>
										<true/>
										<key>isDrawingFill</key>
										<false/>
										<key>isLeftAligned</key>
										<false/>
										<key>location</key>
										<string>{460, -409.5}</string>
										<key>nodeID</key>
										<string>13D6397D-018B-43BD-81F8-27C887E13B16</string>
										<key>strokeColor</key>
										<string>{0.690, 0.212, 0.949, 1.000}</string>
										<key>strokeStyle</key>
										<integer>0</integer>
										<key>strokeWidth</key>
										<real>4</real>
										<key>subnodes</key>
										<array/>
										<key>title</key>
										<dict>
											<key>constrainedWidth</key>
											<integer>300</integer>
											<key>htmlText</key>
											<string>&lt;p style='color: rgba(91, 91, 91, 1.000000); font: 18px "Heiti SC"; -cocoa-font-postscriptname: "STHeitiSC-Light"; '&gt;Other&lt;/p&gt;</string>
											<key>shrinkToFitContent</key>
											<integer>1</integer>
											<key>text</key>
											<string>{\rtf1\ansi\ansicpg936\cocoartf1347\cocoasubrtf570
{\fonttbl\f0\fnil\fcharset134 STHeitiSC-Light;}
{\colortbl;\red255\green255\blue255;\red91\green91\blue91;}
\pard\tx560\tx1120\tx1680\tx2240\tx2800\tx3360\tx3920\tx4480\tx5040\tx5600\tx6160\tx6720\pardirnatural

\f0\fs36 \cf2 Other}</string>
										</dict>
									</dict>
								</array>
								<key>title</key>
								<dict>
									<key>constrainedWidth</key>
									<integer>300</integer>
									<key>htmlText</key>
									<string>&lt;p style='color: rgba(91, 91, 91, 1.000000); font: 18px "Heiti SC"; -cocoa-font-postscriptname: "STHeitiSC-Light"; '&gt;Module1&lt;/p&gt;</string>
									<key>shrinkToFitContent</key>
									<integer>1</integer>
									<key>text</key>
									<string>{\rtf1\ansi\ansicpg936\cocoartf1347\cocoasubrtf570
{\fonttbl\f0\fnil\fcharset134 STHeitiSC-Light;}
{\colortbl;\red255\green255\blue255;\red91\green91\blue91;}
\pard\tx560\tx1120\tx1680\tx2240\tx2800\tx3360\tx3920\tx4480\tx5040\tx5600\tx6160\tx6720\pardirnatural

\f0\fs36 \cf2 Module1}</string>
								</dict>
							</dict>
							<dict>
								<key>contentAlignment</key>
								<integer>1</integer>
								<key>fillColor</key>
								<string>{1.000, 1.000, 1.000, 1.000}</string>
								<key>isDecreasingBranchThickness</key>
								<true/>
								<key>isDrawingFill</key>
								<false/>
								<key>isLeftAligned</key>
								<false/>
								<key>location</key>
								<string>{311, -287}</string>
								<key>nodeID</key>
								<string>B1575109-3E55-4E8A-A96B-A6C48E926CD3</string>
								<key>strokeColor</key>
								<string>{0.690, 0.212, 0.949, 1.000}</string>
								<key>strokeStyle</key>
								<integer>0</integer>
								<key>strokeWidth</key>
								<real>5</real>
								<key>subnodes</key>
								<array>
									<dict>
										<key>contentAlignment</key>
										<integer>1</integer>
										<key>fillColor</key>
										<string>{1.000, 1.000, 1.000, 1.000}</string>
										<key>isDecreasingBranchThickness</key>
										<true/>
										<key>isDrawingFill</key>
										<false/>
										<key>isLeftAligned</key>
										<false/>
										<key>location</key>
										<string>{460, -374.5}</string>
										<key>nodeID</key>
										<string>4BC8F0B6-2DDB-46A4-B9BC-486C7624DDD6</string>
										<key>strokeColor</key>
										<string>{0.690, 0.212, 0.949, 1.000}</string>
										<key>strokeStyle</key>
										<integer>0</integer>
										<key>strokeWidth</key>
										<real>4</real>
										<key>subnodes</key>
										<array/>
										<key>title</key>
										<dict>
											<key>constrainedWidth</key>
											<integer>300</integer>
											<key>htmlText</key>
											<string>&lt;p style='color: rgba(91, 91, 91, 1.000000); font: 18px "Heiti SC"; -cocoa-font-postscriptname: "STHeitiSC-Light"; '&gt;ViewController&lt;/p&gt;</string>
											<key>shrinkToFitContent</key>
											<integer>1</integer>
											<key>text</key>
											<string>{\rtf1\ansi\ansicpg936\cocoartf1347\cocoasubrtf570
{\fonttbl\f0\fnil\fcharset134 STHeitiSC-Light;}
{\colortbl;\red255\green255\blue255;\red91\green91\blue91;}
\pard\tx560\tx1120\tx1680\tx2240\tx2800\tx3360\tx3920\tx4480\tx5040\tx5600\tx6160\tx6720\pardirnatural

\f0\fs36 \cf2 ViewController}</string>
										</dict>
									</dict>
									<dict>
										<key>contentAlignment</key>
										<integer>1</integer>
										<key>fillColor</key>
										<string>{1.000, 1.000, 1.000, 1.000}</string>
										<key>isDecreasingBranchThickness</key>
										<true/>
										<key>isDrawingFill</key>
										<false/>
										<key>isLeftAligned</key>
										<false/>
										<key>location</key>
										<string>{460, -339.5}</string>
										<key>nodeID</key>
										<string>610684AB-AA9E-47F6-8B87-AF37D058989D</string>
										<key>strokeColor</key>
										<string>{0.690, 0.212, 0.949, 1.000}</string>
										<key>strokeStyle</key>
										<integer>0</integer>
										<key>strokeWidth</key>
										<real>4</real>
										<key>subnodes</key>
										<array/>
										<key>title</key>
										<dict>
											<key>constrainedWidth</key>
											<integer>300</integer>
											<key>htmlText</key>
											<string>&lt;p style='color: rgba(91, 91, 91, 1.000000); font: 18px "Heiti SC"; -cocoa-font-postscriptname: "STHeitiSC-Light"; '&gt;View&lt;/p&gt;</string>
											<key>shrinkToFitContent</key>
											<integer>1</integer>
											<key>text</key>
											<string>{\rtf1\ansi\ansicpg936\cocoartf1347\cocoasubrtf570
{\fonttbl\f0\fnil\fcharset134 STHeitiSC-Light;}
{\colortbl;\red255\green255\blue255;\red91\green91\blue91;}
\pard\tx560\tx1120\tx1680\tx2240\tx2800\tx3360\tx3920\tx4480\tx5040\tx5600\tx6160\tx6720\pardirnatural

\f0\fs36 \cf2 View}</string>
										</dict>
									</dict>
									<dict>
										<key>contentAlignment</key>
										<integer>1</integer>
										<key>fillColor</key>
										<string>{1.000, 1.000, 1.000, 1.000}</string>
										<key>isDecreasingBranchThickness</key>
										<true/>
										<key>isDrawingFill</key>
										<false/>
										<key>isLeftAligned</key>
										<false/>
										<key>location</key>
										<string>{460, -304.5}</string>
										<key>nodeID</key>
										<string>BA580461-3239-48ED-8304-616C3E41225F</string>
										<key>strokeColor</key>
										<string>{0.690, 0.212, 0.949, 1.000}</string>
										<key>strokeStyle</key>
										<integer>0</integer>
										<key>strokeWidth</key>
										<real>4</real>
										<key>subnodes</key>
										<array/>
										<key>title</key>
										<dict>
											<key>constrainedWidth</key>
											<integer>300</integer>
											<key>htmlText</key>
											<string>&lt;p style='color: rgba(91, 91, 91, 1.000000); font: 18px "Heiti SC"; text-align: left; -cocoa-font-postscriptname: "STHeitiSC-Light"; '&gt;Model&lt;/p&gt;</string>
											<key>shrinkToFitContent</key>
											<integer>1</integer>
											<key>text</key>
											<string>{\rtf1\ansi\ansicpg936\cocoartf1347\cocoasubrtf570
{\fonttbl\f0\fnil\fcharset134 STHeitiSC-Light;}
{\colortbl;\red255\green255\blue255;\red91\green91\blue91;}
\pard\tx560\tx1120\tx1680\tx2240\tx2800\tx3360\tx3920\tx4480\tx5040\tx5600\tx6160\tx6720\pardirnatural

\f0\fs36 \cf2 Model}</string>
										</dict>
									</dict>
									<dict>
										<key>contentAlignment</key>
										<integer>1</integer>
										<key>fillColor</key>
										<string>{1.000, 1.000, 1.000, 1.000}</string>
										<key>isDecreasingBranchThickness</key>
										<true/>
										<key>isDrawingFill</key>
										<false/>
										<key>isLeftAligned</key>
										<false/>
										<key>location</key>
										<string>{460, -252}</string>
										<key>nodeID</key>
										<string>B4E54B4F-8800-4AC6-93AC-D47DA77CD6C0</string>
										<key>strokeColor</key>
										<string>{0.690, 0.212, 0.949, 1.000}</string>
										<key>strokeStyle</key>
										<integer>0</integer>
										<key>strokeWidth</key>
										<real>4</real>
										<key>subnodes</key>
										<array>
											<dict>
												<key>contentAlignment</key>
												<integer>1</integer>
												<key>fillColor</key>
												<string>{1.000, 1.000, 1.000, 1.000}</string>
												<key>isDecreasingBranchThickness</key>
												<true/>
												<key>isDrawingFill</key>
												<false/>
												<key>isLeftAligned</key>
												<false/>
												<key>location</key>
												<string>{614, -269.5}</string>
												<key>nodeID</key>
												<string>FC204274-EA69-4697-B52F-A07C39039CEB</string>
												<key>strokeColor</key>
												<string>{0.690, 0.212, 0.949, 1.000}</string>
												<key>strokeStyle</key>
												<integer>0</integer>
												<key>strokeWidth</key>
												<real>3</real>
												<key>subnodes</key>
												<array/>
												<key>title</key>
												<dict>
													<key>constrainedWidth</key>
													<integer>300</integer>
													<key>htmlText</key>
													<string>&lt;p style='color: rgba(91, 91, 91, 1.000000); font: 18px "Heiti SC"; -cocoa-font-postscriptname: "STHeitiSC-Light"; '&gt;Image&lt;/p&gt;</string>
													<key>shrinkToFitContent</key>
													<integer>1</integer>
													<key>text</key>
													<string>{\rtf1\ansi\ansicpg936\cocoartf1347\cocoasubrtf570
{\fonttbl\f0\fnil\fcharset134 STHeitiSC-Light;}
{\colortbl;\red255\green255\blue255;\red91\green91\blue91;}
\pard\tx560\tx1120\tx1680\tx2240\tx2800\tx3360\tx3920\tx4480\tx5040\tx5600\tx6160\tx6720\pardirnatural

\f0\fs36 \cf2 Image}</string>
												</dict>
											</dict>
											<dict>
												<key>contentAlignment</key>
												<integer>1</integer>
												<key>fillColor</key>
												<string>{1.000, 1.000, 1.000, 1.000}</string>
												<key>isDecreasingBranchThickness</key>
												<true/>
												<key>isDrawingFill</key>
												<false/>
												<key>isLeftAligned</key>
												<false/>
												<key>location</key>
												<string>{614, -234.5}</string>
												<key>nodeID</key>
												<string>DD757E0B-6405-4840-BC44-48461B921128</string>
												<key>strokeColor</key>
												<string>{0.690, 0.212, 0.949, 1.000}</string>
												<key>strokeStyle</key>
												<integer>0</integer>
												<key>strokeWidth</key>
												<real>3</real>
												<key>subnodes</key>
												<array/>
												<key>title</key>
												<dict>
													<key>constrainedWidth</key>
													<integer>300</integer>
													<key>htmlText</key>
													<string>&lt;p style='color: rgba(91, 91, 91, 1.000000); font: 18px "Heiti SC"; -cocoa-font-postscriptname: "STHeitiSC-Light"; '&gt;Other&lt;/p&gt;</string>
													<key>shrinkToFitContent</key>
													<integer>1</integer>
													<key>text</key>
													<string>{\rtf1\ansi\ansicpg936\cocoartf1347\cocoasubrtf570
{\fonttbl\f0\fnil\fcharset134 STHeitiSC-Light;}
{\colortbl;\red255\green255\blue255;\red91\green91\blue91;}
\pard\tx560\tx1120\tx1680\tx2240\tx2800\tx3360\tx3920\tx4480\tx5040\tx5600\tx6160\tx6720\pardirnatural

\f0\fs36 \cf2 Other}</string>
												</dict>
											</dict>
										</array>
										<key>title</key>
										<dict>
											<key>constrainedWidth</key>
											<integer>300</integer>
											<key>htmlText</key>
											<string>&lt;p style='color: rgba(91, 91, 91, 1.000000); font: 18px "Heiti SC"; -cocoa-font-postscriptname: "STHeitiSC-Light"; '&gt;Resource&lt;/p&gt;</string>
											<key>shrinkToFitContent</key>
											<integer>1</integer>
											<key>text</key>
											<string>{\rtf1\ansi\ansicpg936\cocoartf1347\cocoasubrtf570
{\fonttbl\f0\fnil\fcharset134 STHeitiSC-Light;}
{\colortbl;\red255\green255\blue255;\red91\green91\blue91;}
\pard\tx560\tx1120\tx1680\tx2240\tx2800\tx3360\tx3920\tx4480\tx5040\tx5600\tx6160\tx6720\pardirnatural

\f0\fs36 \cf2 Resource}</string>
										</dict>
									</dict>
									<dict>
										<key>contentAlignment</key>
										<integer>1</integer>
										<key>fillColor</key>
										<string>{1.000, 1.000, 1.000, 1.000}</string>
										<key>isDecreasingBranchThickness</key>
										<true/>
										<key>isDrawingFill</key>
										<false/>
										<key>isLeftAligned</key>
										<false/>
										<key>location</key>
										<string>{460, -199.5}</string>
										<key>nodeID</key>
										<string>9B9B2A11-AF7A-458C-AA0F-2AC029E81C2E</string>
										<key>strokeColor</key>
										<string>{0.690, 0.212, 0.949, 1.000}</string>
										<key>strokeStyle</key>
										<integer>0</integer>
										<key>strokeWidth</key>
										<real>4</real>
										<key>subnodes</key>
										<array/>
										<key>title</key>
										<dict>
											<key>constrainedWidth</key>
											<integer>300</integer>
											<key>htmlText</key>
											<string>&lt;p style='color: rgba(91, 91, 91, 1.000000); font: 18px "Heiti SC"; -cocoa-font-postscriptname: "STHeitiSC-Light"; '&gt;Other&lt;/p&gt;</string>
											<key>shrinkToFitContent</key>
											<integer>1</integer>
											<key>text</key>
											<string>{\rtf1\ansi\ansicpg936\cocoartf1347\cocoasubrtf570
{\fonttbl\f0\fnil\fcharset134 STHeitiSC-Light;}
{\colortbl;\red255\green255\blue255;\red91\green91\blue91;}
\pard\tx560\tx1120\tx1680\tx2240\tx2800\tx3360\tx3920\tx4480\tx5040\tx5600\tx6160\tx6720\pardirnatural

\f0\fs36 \cf2 Other}</string>
										</dict>
									</dict>
								</array>
								<key>title</key>
								<dict>
									<key>constrainedWidth</key>
									<integer>300</integer>
									<key>htmlText</key>
									<string>&lt;p style='color: rgba(91, 91, 91, 1.000000); font: 18px "Heiti SC"; text-align: left; -cocoa-font-postscriptname: "STHeitiSC-Light"; '&gt;Module2&lt;/p&gt;</string>
									<key>shrinkToFitContent</key>
									<integer>1</integer>
									<key>text</key>
									<string>{\rtf1\ansi\ansicpg936\cocoartf1347\cocoasubrtf570
{\fonttbl\f0\fnil\fcharset134 STHeitiSC-Light;}
{\colortbl;\red255\green255\blue255;\red91\green91\blue91;}
\pard\tx560\tx1120\tx1680\tx2240\tx2800\tx3360\tx3920\tx4480\tx5040\tx5600\tx6160\tx6720\pardirnatural

\f0\fs36 \cf2 Module2}</string>
								</dict>
							</dict>
							<dict>
								<key>contentAlignment</key>
								<integer>1</integer>
								<key>fillColor</key>
								<string>{1.000, 1.000, 1.000, 1.000}</string>
								<key>isDecreasingBranchThickness</key>
								<true/>
								<key>isDrawingFill</key>
								<false/>
								<key>isLeftAligned</key>
								<false/>
								<key>location</key>
								<string>{311, -164.5}</string>
								<key>nodeID</key>
								<string>56AC74B7-9BDA-405D-91E7-7C789687F432</string>
								<key>strokeColor</key>
								<string>{0.689, 0.215, 0.952, 1.000}</string>
								<key>strokeStyle</key>
								<integer>0</integer>
								<key>strokeWidth</key>
								<real>5</real>
								<key>subnodes</key>
								<array/>
								<key>title</key>
								<dict>
									<key>constrainedWidth</key>
									<integer>300</integer>
									<key>htmlText</key>
									<string>&lt;p style='color: rgba(91, 91, 91, 1.000000); font: 18px "Heiti SC"; -cocoa-font-postscriptname: "STHeitiSC-Light"; '&gt;…&lt;/p&gt;</string>
									<key>shrinkToFitContent</key>
									<integer>1</integer>
									<key>text</key>
									<string>{\rtf1\ansi\ansicpg936\cocoartf1347\cocoasubrtf570
{\fonttbl\f0\fnil\fcharset134 STHeitiSC-Light;}
{\colortbl;\red255\green255\blue255;\red91\green91\blue91;}
\pard\tx560\tx1120\tx1680\tx2240\tx2800\tx3360\tx3920\tx4480\tx5040\tx5600\tx6160\tx6720\pardirnatural

\f0\fs36 \cf2 \'a1\'ad}</string>
								</dict>
							</dict>
							<dict>
								<key>contentAlignment</key>
								<integer>1</integer>
								<key>fillColor</key>
								<string>{1.000, 1.000, 1.000, 1.000}</string>
								<key>isDecreasingBranchThickness</key>
								<true/>
								<key>isDrawingFill</key>
								<false/>
								<key>isLeftAligned</key>
								<false/>
								<key>location</key>
								<string>{311, -24.5}</string>
								<key>nodeID</key>
								<string>C06A667E-9013-4298-A110-460CAA2C2800</string>
								<key>strokeColor</key>
								<string>{0.690, 0.212, 0.949, 1.000}</string>
								<key>strokeStyle</key>
								<integer>0</integer>
								<key>strokeWidth</key>
								<real>5</real>
								<key>subnodes</key>
								<array>
									<dict>
										<key>contentAlignment</key>
										<integer>1</integer>
										<key>fillColor</key>
										<string>{1.000, 1.000, 1.000, 1.000}</string>
										<key>isDecreasingBranchThickness</key>
										<true/>
										<key>isDrawingFill</key>
										<false/>
										<key>isLeftAligned</key>
										<false/>
										<key>location</key>
										<string>{433, -129.5}</string>
										<key>nodeID</key>
										<string>E1384D65-1F79-4CD2-9E75-92B9E06B6096</string>
										<key>strokeColor</key>
										<string>{0.690, 0.212, 0.949, 1.000}</string>
										<key>strokeStyle</key>
										<integer>0</integer>
										<key>strokeWidth</key>
										<real>4</real>
										<key>subnodes</key>
										<array/>
										<key>title</key>
										<dict>
											<key>constrainedWidth</key>
											<integer>300</integer>
											<key>htmlText</key>
											<string>&lt;p style='color: rgba(91, 91, 91, 1.000000); font: 18px "Heiti SC"; -cocoa-font-postscriptname: "STHeitiSC-Light"; '&gt;TabBar&lt;/p&gt;</string>
											<key>shrinkToFitContent</key>
											<integer>1</integer>
											<key>text</key>
											<string>{\rtf1\ansi\ansicpg936\cocoartf1347\cocoasubrtf570
{\fonttbl\f0\fnil\fcharset134 STHeitiSC-Light;}
{\colortbl;\red255\green255\blue255;\red91\green91\blue91;}
\pard\tx560\tx1120\tx1680\tx2240\tx2800\tx3360\tx3920\tx4480\tx5040\tx5600\tx6160\tx6720\pardirnatural

\f0\fs36 \cf2 TabBar}</string>
										</dict>
									</dict>
									<dict>
										<key>contentAlignment</key>
										<integer>1</integer>
										<key>fillColor</key>
										<string>{1.000, 1.000, 1.000, 1.000}</string>
										<key>isDecreasingBranchThickness</key>
										<true/>
										<key>isDrawingFill</key>
										<false/>
										<key>isLeftAligned</key>
										<false/>
										<key>location</key>
										<string>{433, -94.5}</string>
										<key>nodeID</key>
										<string>1ECF058D-60F6-44E0-9AFC-8104183B92B1</string>
										<key>strokeColor</key>
										<string>{0.690, 0.212, 0.949, 1.000}</string>
										<key>strokeStyle</key>
										<integer>0</integer>
										<key>strokeWidth</key>
										<real>4</real>
										<key>subnodes</key>
										<array/>
										<key>title</key>
										<dict>
											<key>constrainedWidth</key>
											<integer>300</integer>
											<key>htmlText</key>
											<string>&lt;p style='color: rgba(91, 91, 91, 1.000000); font: 18px "Heiti SC"; -cocoa-font-postscriptname: "STHeitiSC-Light"; '&gt;Navigation&lt;/p&gt;</string>
											<key>shrinkToFitContent</key>
											<integer>1</integer>
											<key>text</key>
											<string>{\rtf1\ansi\ansicpg936\cocoartf1347\cocoasubrtf570
{\fonttbl\f0\fnil\fcharset134 STHeitiSC-Light;}
{\colortbl;\red255\green255\blue255;\red91\green91\blue91;}
\pard\tx560\tx1120\tx1680\tx2240\tx2800\tx3360\tx3920\tx4480\tx5040\tx5600\tx6160\tx6720\pardirnatural

\f0\fs36 \cf2 Navigation}</string>
										</dict>
									</dict>
									<dict>
										<key>contentAlignment</key>
										<integer>1</integer>
										<key>fillColor</key>
										<string>{1.000, 1.000, 1.000, 1.000}</string>
										<key>isDecreasingBranchThickness</key>
										<true/>
										<key>isDrawingFill</key>
										<false/>
										<key>isLeftAligned</key>
										<false/>
										<key>location</key>
										<string>{433, -59.5}</string>
										<key>nodeID</key>
										<string>5C6EE719-7BF3-488E-ADC6-1DD977E329E4</string>
										<key>strokeColor</key>
										<string>{0.690, 0.212, 0.949, 1.000}</string>
										<key>strokeStyle</key>
										<integer>0</integer>
										<key>strokeWidth</key>
										<real>4</real>
										<key>subnodes</key>
										<array/>
										<key>title</key>
										<dict>
											<key>constrainedWidth</key>
											<integer>300</integer>
											<key>htmlText</key>
											<string>&lt;p style='color: rgba(91, 91, 91, 1.000000); font: 18px "Heiti SC"; -cocoa-font-postscriptname: "STHeitiSC-Light"; '&gt;Public&lt;/p&gt;</string>
											<key>shrinkToFitContent</key>
											<integer>1</integer>
											<key>text</key>
											<string>{\rtf1\ansi\ansicpg936\cocoartf1347\cocoasubrtf570
{\fonttbl\f0\fnil\fcharset134 STHeitiSC-Light;}
{\colortbl;\red255\green255\blue255;\red91\green91\blue91;}
\pard\tx560\tx1120\tx1680\tx2240\tx2800\tx3360\tx3920\tx4480\tx5040\tx5600\tx6160\tx6720\pardirnatural

\f0\fs36 \cf2 Public}</string>
										</dict>
									</dict>
									<dict>
										<key>contentAlignment</key>
										<integer>1</integer>
										<key>fillColor</key>
										<string>{1.000, 1.000, 1.000, 1.000}</string>
										<key>isDecreasingBranchThickness</key>
										<true/>
										<key>isDrawingFill</key>
										<false/>
										<key>isLeftAligned</key>
										<false/>
										<key>location</key>
										<string>{433, -24.5}</string>
										<key>nodeID</key>
										<string>80E79726-CC9D-4415-BBB2-7F4215CD8A5E</string>
										<key>strokeColor</key>
										<string>{0.690, 0.212, 0.949, 1.000}</string>
										<key>strokeStyle</key>
										<integer>0</integer>
										<key>strokeWidth</key>
										<real>4</real>
										<key>subnodes</key>
										<array/>
										<key>title</key>
										<dict>
											<key>constrainedWidth</key>
											<integer>300</integer>
											<key>htmlText</key>
											<string>&lt;p style='color: rgba(91, 91, 91, 1.000000); font: 18px "Heiti SC"; -cocoa-font-postscriptname: "STHeitiSC-Light"; '&gt;Login&lt;/p&gt;</string>
											<key>shrinkToFitContent</key>
											<integer>1</integer>
											<key>text</key>
											<string>{\rtf1\ansi\ansicpg936\cocoartf1347\cocoasubrtf570
{\fonttbl\f0\fnil\fcharset134 STHeitiSC-Light;}
{\colortbl;\red255\green255\blue255;\red91\green91\blue91;}
\pard\tx560\tx1120\tx1680\tx2240\tx2800\tx3360\tx3920\tx4480\tx5040\tx5600\tx6160\tx6720\pardirnatural

\f0\fs36 \cf2 Login}</string>
										</dict>
									</dict>
									<dict>
										<key>contentAlignment</key>
										<integer>1</integer>
										<key>fillColor</key>
										<string>{1.000, 1.000, 1.000, 1.000}</string>
										<key>isDecreasingBranchThickness</key>
										<true/>
										<key>isDrawingFill</key>
										<false/>
										<key>isLeftAligned</key>
										<false/>
										<key>location</key>
										<string>{433, 10.5}</string>
										<key>nodeID</key>
										<string>2E484DC0-5025-4D73-A8DB-9E94E6CA8439</string>
										<key>strokeColor</key>
										<string>{0.690, 0.212, 0.949, 1.000}</string>
										<key>strokeStyle</key>
										<integer>0</integer>
										<key>strokeWidth</key>
										<real>4</real>
										<key>subnodes</key>
										<array/>
										<key>title</key>
										<dict>
											<key>constrainedWidth</key>
											<integer>300</integer>
											<key>htmlText</key>
											<string>&lt;p style='color: rgba(91, 91, 91, 1.000000); font: 18px "Heiti SC"; -cocoa-font-postscriptname: "STHeitiSC-Light"; '&gt;Setting&lt;/p&gt;</string>
											<key>shrinkToFitContent</key>
											<integer>1</integer>
											<key>text</key>
											<string>{\rtf1\ansi\ansicpg936\cocoartf1347\cocoasubrtf570
{\fonttbl\f0\fnil\fcharset134 STHeitiSC-Light;}
{\colortbl;\red255\green255\blue255;\red91\green91\blue91;}
\pard\tx560\tx1120\tx1680\tx2240\tx2800\tx3360\tx3920\tx4480\tx5040\tx5600\tx6160\tx6720\pardirnatural

\f0\fs36 \cf2 Setting}</string>
										</dict>
									</dict>
									<dict>
										<key>contentAlignment</key>
										<integer>1</integer>
										<key>fillColor</key>
										<string>{1.000, 1.000, 1.000, 1.000}</string>
										<key>isDecreasingBranchThickness</key>
										<true/>
										<key>isDrawingFill</key>
										<false/>
										<key>isLeftAligned</key>
										<false/>
										<key>location</key>
										<string>{433, 45.5}</string>
										<key>nodeID</key>
										<string>995B8A48-0CD0-49FA-AD11-A95AB16E2330</string>
										<key>strokeColor</key>
										<string>{0.690, 0.212, 0.949, 1.000}</string>
										<key>strokeStyle</key>
										<integer>0</integer>
										<key>strokeWidth</key>
										<real>4</real>
										<key>subnodes</key>
										<array/>
										<key>title</key>
										<dict>
											<key>constrainedWidth</key>
											<integer>300</integer>
											<key>htmlText</key>
											<string>&lt;p style='color: rgba(91, 91, 91, 1.000000); font: 18px "Heiti SC"; -cocoa-font-postscriptname: "STHeitiSC-Light"; '&gt;Release&lt;/p&gt;</string>
											<key>shrinkToFitContent</key>
											<integer>1</integer>
											<key>text</key>
											<string>{\rtf1\ansi\ansicpg936\cocoartf1347\cocoasubrtf570
{\fonttbl\f0\fnil\fcharset134 STHeitiSC-Light;}
{\colortbl;\red255\green255\blue255;\red91\green91\blue91;}
\pard\tx560\tx1120\tx1680\tx2240\tx2800\tx3360\tx3920\tx4480\tx5040\tx5600\tx6160\tx6720\pardirnatural

\f0\fs36 \cf2 Release}</string>
										</dict>
									</dict>
									<dict>
										<key>contentAlignment</key>
										<integer>1</integer>
										<key>fillColor</key>
										<string>{1.000, 1.000, 1.000, 1.000}</string>
										<key>isDecreasingBranchThickness</key>
										<true/>
										<key>isDrawingFill</key>
										<false/>
										<key>isLeftAligned</key>
										<false/>
										<key>location</key>
										<string>{433, 80.5}</string>
										<key>nodeID</key>
										<string>75127970-B977-4C52-95A5-CB15EE0D0B5D</string>
										<key>strokeColor</key>
										<string>{0.690, 0.212, 0.949, 1.000}</string>
										<key>strokeStyle</key>
										<integer>0</integer>
										<key>strokeWidth</key>
										<real>4</real>
										<key>subnodes</key>
										<array/>
										<key>title</key>
										<dict>
											<key>constrainedWidth</key>
											<integer>300</integer>
											<key>htmlText</key>
											<string>&lt;p style='color: rgba(91, 91, 91, 1.000000); font: 18px "Heiti SC"; -cocoa-font-postscriptname: "STHeitiSC-Light"; '&gt;…&lt;/p&gt;</string>
											<key>shrinkToFitContent</key>
											<integer>1</integer>
											<key>text</key>
											<string>{\rtf1\ansi\ansicpg936\cocoartf1347\cocoasubrtf570
{\fonttbl\f0\fnil\fcharset134 STHeitiSC-Light;}
{\colortbl;\red255\green255\blue255;\red91\green91\blue91;}
\pard\tx560\tx1120\tx1680\tx2240\tx2800\tx3360\tx3920\tx4480\tx5040\tx5600\tx6160\tx6720\pardirnatural

\f0\fs36 \cf2 \'a1\'ad}</string>
										</dict>
									</dict>
								</array>
								<key>title</key>
								<dict>
									<key>constrainedWidth</key>
									<integer>300</integer>
									<key>htmlText</key>
									<string>&lt;p style='color: rgba(91, 91, 91, 1.000000); font: 18px "Heiti SC"; text-align: left; -cocoa-font-postscriptname: "STHeitiSC-Light"; '&gt;Other&lt;/p&gt;</string>
									<key>shrinkToFitContent</key>
									<integer>1</integer>
									<key>text</key>
									<string>{\rtf1\ansi\ansicpg936\cocoartf1347\cocoasubrtf570
{\fonttbl\f0\fnil\fcharset134 STHeitiSC-Light;}
{\colortbl;\red255\green255\blue255;\red91\green91\blue91;}
\pard\tx560\tx1120\tx1680\tx2240\tx2800\tx3360\tx3920\tx4480\tx5040\tx5600\tx6160\tx6720\pardirnatural

\f0\fs36 \cf2 Other}</string>
								</dict>
							</dict>
						</array>
						<key>title</key>
						<dict>
							<key>constrainedWidth</key>
							<integer>300</integer>
							<key>htmlText</key>
							<string>&lt;p style='color: rgba(91, 91, 91, 1.000000); font: 18px "Heiti SC"; -cocoa-font-postscriptname: "STHeitiSC-Light"; '&gt;Main&lt;/p&gt;</string>
							<key>shrinkToFitContent</key>
							<integer>1</integer>
							<key>text</key>
							<string>{\rtf1\ansi\ansicpg936\cocoartf1347\cocoasubrtf570
{\fonttbl\f0\fnil\fcharset134 STHeitiSC-Light;}
{\colortbl;\red255\green255\blue255;\red91\green91\blue91;}
\pard\tx560\tx1120\tx1680\tx2240\tx2800\tx3360\tx3920\tx4480\tx5040\tx5600\tx6160\tx6720\pardirnatural

\f0\fs36 \cf2 Main}</string>
						</dict>
					</dict>
					<dict>
						<key>contentAlignment</key>
						<integer>1</integer>
						<key>fillColor</key>
						<string>{1.000, 1.000, 1.000, 1.000}</string>
						<key>isDecreasingBranchThickness</key>
						<true/>
						<key>isDrawingFill</key>
						<false/>
						<key>isLeftAligned</key>
						<false/>
						<key>location</key>
						<string>{195, 203}</string>
						<key>nodeID</key>
						<string>F67B11DD-D088-4BE6-88A4-90673684F999</string>
						<key>strokeColor</key>
						<string>{0.136, 0.807, 0.880, 1.000}</string>
						<key>strokeStyle</key>
						<integer>0</integer>
						<key>strokeWidth</key>
						<real>6</real>
						<key>subnodes</key>
						<array>
							<dict>
								<key>contentAlignment</key>
								<integer>1</integer>
								<key>fillColor</key>
								<string>{1.000, 1.000, 1.000, 1.000}</string>
								<key>isDecreasingBranchThickness</key>
								<true/>
								<key>isDrawingFill</key>
								<false/>
								<key>isLeftAligned</key>
								<false/>
								<key>location</key>
								<string>{406, 115.5}</string>
								<key>nodeID</key>
								<string>FFB523A7-09AD-44DD-8C61-CADB224B53B9</string>
								<key>strokeColor</key>
								<string>{0.136, 0.807, 0.880, 1.000}</string>
								<key>strokeStyle</key>
								<integer>0</integer>
								<key>strokeWidth</key>
								<real>5</real>
								<key>subnodes</key>
								<array/>
								<key>title</key>
								<dict>
									<key>constrainedWidth</key>
									<integer>300</integer>
									<key>htmlText</key>
									<string>&lt;p style='color: rgba(91, 91, 91, 1.000000); font: 18px "Heiti SC"; -cocoa-font-postscriptname: "STHeitiSC-Light"; '&gt;DataBase(数据库)&lt;/p&gt;</string>
									<key>shrinkToFitContent</key>
									<integer>1</integer>
									<key>text</key>
									<string>{\rtf1\ansi\ansicpg936\cocoartf1347\cocoasubrtf570
{\fonttbl\f0\fnil\fcharset134 STHeitiSC-Light;}
{\colortbl;\red255\green255\blue255;\red91\green91\blue91;}
\pard\tx560\tx1120\tx1680\tx2240\tx2800\tx3360\tx3920\tx4480\tx5040\tx5600\tx6160\tx6720\pardirnatural

\f0\fs36 \cf2 DataBase(\'ca\'fd\'be\'dd\'bf\'e2)}</string>
								</dict>
							</dict>
							<dict>
								<key>contentAlignment</key>
								<integer>1</integer>
								<key>fillColor</key>
								<string>{1.000, 1.000, 1.000, 1.000}</string>
								<key>isDecreasingBranchThickness</key>
								<true/>
								<key>isDrawingFill</key>
								<false/>
								<key>isLeftAligned</key>
								<false/>
								<key>location</key>
								<string>{406, 150.5}</string>
								<key>nodeID</key>
								<string>80C2A3CE-EF86-4881-8497-DB6CFE932796</string>
								<key>strokeColor</key>
								<string>{0.136, 0.807, 0.880, 1.000}</string>
								<key>strokeStyle</key>
								<integer>0</integer>
								<key>strokeWidth</key>
								<real>5</real>
								<key>subnodes</key>
								<array/>
								<key>title</key>
								<dict>
									<key>constrainedWidth</key>
									<integer>300</integer>
									<key>htmlText</key>
									<string>&lt;p style='color: rgba(91, 91, 91, 1.000000); font: 18px "Heiti SC"; -cocoa-font-postscriptname: "STHeitiSC-Light"; '&gt;Category（类别）&lt;/p&gt;</string>
									<key>shrinkToFitContent</key>
									<integer>1</integer>
									<key>text</key>
									<string>{\rtf1\ansi\ansicpg936\cocoartf1347\cocoasubrtf570
{\fonttbl\f0\fnil\fcharset134 STHeitiSC-Light;}
{\colortbl;\red255\green255\blue255;\red91\green91\blue91;}
\pard\tx560\tx1120\tx1680\tx2240\tx2800\tx3360\tx3920\tx4480\tx5040\tx5600\tx6160\tx6720\pardirnatural

\f0\fs36 \cf2 Category\'a3\'a8\'c0\'e0\'b1\'f0\'a3\'a9}</string>
								</dict>
							</dict>
							<dict>
								<key>contentAlignment</key>
								<integer>1</integer>
								<key>fillColor</key>
								<string>{1.000, 1.000, 1.000, 1.000}</string>
								<key>isDecreasingBranchThickness</key>
								<true/>
								<key>isDrawingFill</key>
								<false/>
								<key>isLeftAligned</key>
								<false/>
								<key>location</key>
								<string>{406, 185.5}</string>
								<key>nodeID</key>
								<string>791A8594-D408-4AEB-A708-64B0A50E7882</string>
								<key>strokeColor</key>
								<string>{0.136, 0.807, 0.880, 1.000}</string>
								<key>strokeStyle</key>
								<integer>0</integer>
								<key>strokeWidth</key>
								<real>5</real>
								<key>subnodes</key>
								<array/>
								<key>title</key>
								<dict>
									<key>constrainedWidth</key>
									<integer>300</integer>
									<key>htmlText</key>
									<string>&lt;p style='color: rgba(91, 91, 91, 1.000000); font: 18px "Heiti SC"; -cocoa-font-postscriptname: "STHeitiSC-Light"; '&gt;Network（网络）&lt;/p&gt;</string>
									<key>shrinkToFitContent</key>
									<integer>1</integer>
									<key>text</key>
									<string>{\rtf1\ansi\ansicpg936\cocoartf1347\cocoasubrtf570
{\fonttbl\f0\fnil\fcharset134 STHeitiSC-Light;}
{\colortbl;\red255\green255\blue255;\red91\green91\blue91;}
\pard\tx560\tx1120\tx1680\tx2240\tx2800\tx3360\tx3920\tx4480\tx5040\tx5600\tx6160\tx6720\pardirnatural

\f0\fs36 \cf2 Network\'a3\'a8\'cd\'f8\'c2\'e7\'a3\'a9}</string>
								</dict>
							</dict>
							<dict>
								<key>contentAlignment</key>
								<integer>1</integer>
								<key>fillColor</key>
								<string>{1.000, 1.000, 1.000, 1.000}</string>
								<key>isDecreasingBranchThickness</key>
								<true/>
								<key>isDrawingFill</key>
								<false/>
								<key>isLeftAligned</key>
								<false/>
								<key>location</key>
								<string>{406, 220.5}</string>
								<key>nodeID</key>
								<string>269BC5B4-6BC9-4A9C-9192-AD1764D74E42</string>
								<key>strokeColor</key>
								<string>{0.136, 0.807, 0.880, 1.000}</string>
								<key>strokeStyle</key>
								<integer>0</integer>
								<key>strokeWidth</key>
								<real>5</real>
								<key>subnodes</key>
								<array/>
								<key>title</key>
								<dict>
									<key>constrainedWidth</key>
									<integer>300</integer>
									<key>htmlText</key>
									<string>&lt;p style='color: rgba(91, 91, 91, 1.000000); font: 18px "Heiti SC"; -cocoa-font-postscriptname: "STHeitiSC-Light"; '&gt;Tool（工具类）&lt;/p&gt;</string>
									<key>shrinkToFitContent</key>
									<integer>1</integer>
									<key>text</key>
									<string>{\rtf1\ansi\ansicpg936\cocoartf1347\cocoasubrtf570
{\fonttbl\f0\fnil\fcharset134 STHeitiSC-Light;}
{\colortbl;\red255\green255\blue255;\red91\green91\blue91;}
\pard\tx560\tx1120\tx1680\tx2240\tx2800\tx3360\tx3920\tx4480\tx5040\tx5600\tx6160\tx6720\pardirnatural

\f0\fs36 \cf2 Tool\'a3\'a8\'b9\'a4\'be\'df\'c0\'e0\'a3\'a9}</string>
								</dict>
							</dict>
							<dict>
								<key>contentAlignment</key>
								<integer>1</integer>
								<key>fillColor</key>
								<string>{1.000, 1.000, 1.000, 1.000}</string>
								<key>isDecreasingBranchThickness</key>
								<true/>
								<key>isDrawingFill</key>
								<false/>
								<key>isLeftAligned</key>
								<false/>
								<key>location</key>
								<string>{406, 255.5}</string>
								<key>nodeID</key>
								<string>1C859628-CD8B-4471-A8FB-397A2EF5C5C8</string>
								<key>strokeColor</key>
								<string>{0.136, 0.807, 0.880, 1.000}</string>
								<key>strokeStyle</key>
								<integer>0</integer>
								<key>strokeWidth</key>
								<real>5</real>
								<key>subnodes</key>
								<array/>
								<key>title</key>
								<dict>
									<key>constrainedWidth</key>
									<integer>300</integer>
									<key>htmlText</key>
									<string>&lt;p style='color: rgba(91, 91, 91, 1.000000); font: 18px "Heiti SC"; -cocoa-font-postscriptname: "STHeitiSC-Light"; '&gt;Macros（宏）&lt;/p&gt;</string>
									<key>shrinkToFitContent</key>
									<integer>1</integer>
									<key>text</key>
									<string>{\rtf1\ansi\ansicpg936\cocoartf1347\cocoasubrtf570
{\fonttbl\f0\fnil\fcharset134 STHeitiSC-Light;}
{\colortbl;\red255\green255\blue255;\red91\green91\blue91;}
\pard\tx560\tx1120\tx1680\tx2240\tx2800\tx3360\tx3920\tx4480\tx5040\tx5600\tx6160\tx6720\pardirnatural

\f0\fs36 \cf2 Macros\'a3\'a8\'ba\'ea\'a3\'a9}</string>
								</dict>
							</dict>
							<dict>
								<key>contentAlignment</key>
								<integer>1</integer>
								<key>fillColor</key>
								<string>{1.000, 1.000, 1.000, 1.000}</string>
								<key>isDecreasingBranchThickness</key>
								<true/>
								<key>isDrawingFill</key>
								<false/>
								<key>isLeftAligned</key>
								<false/>
								<key>location</key>
								<string>{406, 290.5}</string>
								<key>nodeID</key>
								<string>3FB2EBB5-CAAC-4B9F-BD19-81B1A097EEEF</string>
								<key>strokeColor</key>
								<string>{0.136, 0.807, 0.880, 1.000}</string>
								<key>strokeStyle</key>
								<integer>0</integer>
								<key>strokeWidth</key>
								<real>5</real>
								<key>subnodes</key>
								<array/>
								<key>title</key>
								<dict>
									<key>constrainedWidth</key>
									<integer>300</integer>
									<key>htmlText</key>
									<string>&lt;p style='color: rgba(91, 91, 91, 1.000000); font: 18px "Heiti SC"; -cocoa-font-postscriptname: "STHeitiSC-Light"; '&gt;Const（常量）&lt;/p&gt;</string>
									<key>shrinkToFitContent</key>
									<integer>1</integer>
									<key>text</key>
									<string>{\rtf1\ansi\ansicpg936\cocoartf1347\cocoasubrtf570
{\fonttbl\f0\fnil\fcharset134 STHeitiSC-Light;}
{\colortbl;\red255\green255\blue255;\red91\green91\blue91;}
\pard\tx560\tx1120\tx1680\tx2240\tx2800\tx3360\tx3920\tx4480\tx5040\tx5600\tx6160\tx6720\pardirnatural

\f0\fs36 \cf2 Const\'a3\'a8\'b3\'a3\'c1\'bf\'a3\'a9}</string>
								</dict>
							</dict>
						</array>
						<key>title</key>
						<dict>
							<key>constrainedWidth</key>
							<integer>300</integer>
							<key>htmlText</key>
							<string>&lt;p style='color: rgba(91, 91, 91, 1.000000); font: 18px "Heiti SC"; -cocoa-font-postscriptname: "STHeitiSC-Light"; '&gt;Expand（扩展）&lt;/p&gt;</string>
							<key>shrinkToFitContent</key>
							<integer>1</integer>
							<key>text</key>
							<string>{\rtf1\ansi\ansicpg936\cocoartf1347\cocoasubrtf570
{\fonttbl\f0\fnil\fcharset134 STHeitiSC-Light;}
{\colortbl;\red255\green255\blue255;\red91\green91\blue91;}
\pard\tx560\tx1120\tx1680\tx2240\tx2800\tx3360\tx3920\tx4480\tx5040\tx5600\tx6160\tx6720\pardirnatural

\f0\fs36 \cf2 Expand\'a3\'a8\'c0\'a9\'d5\'b9\'a3\'a9}</string>
						</dict>
					</dict>
					<dict>
						<key>contentAlignment</key>
						<integer>1</integer>
						<key>fillColor</key>
						<string>{1.000, 1.000, 1.000, 1.000}</string>
						<key>isDecreasingBranchThickness</key>
						<true/>
						<key>isDrawingFill</key>
						<false/>
						<key>isLeftAligned</key>
						<false/>
						<key>location</key>
						<string>{195, 360.5}</string>
						<key>nodeID</key>
						<string>AC205BFD-6587-4FE9-85F9-9B65C395CB74</string>
						<key>strokeColor</key>
						<string>{0.822, 0.084, 0.348, 1.000}</string>
						<key>strokeStyle</key>
						<integer>0</integer>
						<key>strokeWidth</key>
						<real>6</real>
						<key>subnodes</key>
						<array>
							<dict>
								<key>contentAlignment</key>
								<integer>1</integer>
								<key>fillColor</key>
								<string>{1.000, 1.000, 1.000, 1.000}</string>
								<key>isDecreasingBranchThickness</key>
								<true/>
								<key>isDrawingFill</key>
								<false/>
								<key>isLeftAligned</key>
								<false/>
								<key>location</key>
								<string>{422, 325.5}</string>
								<key>nodeID</key>
								<string>2635F017-06E1-4C0F-AD3E-B090DA9E0A1E</string>
								<key>strokeColor</key>
								<string>{0.822, 0.084, 0.348, 1.000}</string>
								<key>strokeStyle</key>
								<integer>0</integer>
								<key>strokeWidth</key>
								<real>5</real>
								<key>subnodes</key>
								<array/>
								<key>title</key>
								<dict>
									<key>constrainedWidth</key>
									<integer>300</integer>
									<key>htmlText</key>
									<string>&lt;p style='color: rgba(91, 91, 91, 1.000000); font: 18px "Heiti SC"; -cocoa-font-postscriptname: "STHeitiSC-Light"; '&gt;AFNetworking&lt;/p&gt;</string>
									<key>shrinkToFitContent</key>
									<integer>1</integer>
									<key>text</key>
									<string>{\rtf1\ansi\ansicpg936\cocoartf1347\cocoasubrtf570
{\fonttbl\f0\fnil\fcharset134 STHeitiSC-Light;}
{\colortbl;\red255\green255\blue255;\red91\green91\blue91;}
\pard\tx560\tx1120\tx1680\tx2240\tx2800\tx3360\tx3920\tx4480\tx5040\tx5600\tx6160\tx6720\pardirnatural

\f0\fs36 \cf2 AFNetworking}</string>
								</dict>
							</dict>
							<dict>
								<key>contentAlignment</key>
								<integer>1</integer>
								<key>fillColor</key>
								<string>{1.000, 1.000, 1.000, 1.000}</string>
								<key>isDecreasingBranchThickness</key>
								<true/>
								<key>isDrawingFill</key>
								<false/>
								<key>isLeftAligned</key>
								<false/>
								<key>location</key>
								<string>{422, 360.5}</string>
								<key>nodeID</key>
								<string>3D494C82-6257-435B-ABBF-8D69CB53BD30</string>
								<key>strokeColor</key>
								<string>{0.822, 0.084, 0.348, 1.000}</string>
								<key>strokeStyle</key>
								<integer>0</integer>
								<key>strokeWidth</key>
								<real>5</real>
								<key>subnodes</key>
								<array/>
								<key>title</key>
								<dict>
									<key>constrainedWidth</key>
									<integer>300</integer>
									<key>htmlText</key>
									<string>&lt;p style='color: rgba(91, 91, 91, 1.000000); font: 18px "Heiti SC"; -cocoa-font-postscriptname: "STHeitiSC-Light"; '&gt;SDWebImage&lt;/p&gt;</string>
									<key>shrinkToFitContent</key>
									<integer>1</integer>
									<key>text</key>
									<string>{\rtf1\ansi\ansicpg936\cocoartf1347\cocoasubrtf570
{\fonttbl\f0\fnil\fcharset134 STHeitiSC-Light;}
{\colortbl;\red255\green255\blue255;\red91\green91\blue91;}
\pard\tx560\tx1120\tx1680\tx2240\tx2800\tx3360\tx3920\tx4480\tx5040\tx5600\tx6160\tx6720\pardirnatural

\f0\fs36 \cf2 SDWebImage}</string>
								</dict>
							</dict>
							<dict>
								<key>contentAlignment</key>
								<integer>1</integer>
								<key>fillColor</key>
								<string>{1.000, 1.000, 1.000, 1.000}</string>
								<key>isDecreasingBranchThickness</key>
								<true/>
								<key>isDrawingFill</key>
								<false/>
								<key>isLeftAligned</key>
								<false/>
								<key>location</key>
								<string>{422, 395.5}</string>
								<key>nodeID</key>
								<string>0BD7B312-1DCE-40E1-B6EF-ECD25D6CDBA7</string>
								<key>strokeColor</key>
								<string>{0.822, 0.084, 0.348, 1.000}</string>
								<key>strokeStyle</key>
								<integer>0</integer>
								<key>strokeWidth</key>
								<real>5</real>
								<key>subnodes</key>
								<array/>
								<key>title</key>
								<dict>
									<key>constrainedWidth</key>
									<integer>300</integer>
									<key>htmlText</key>
									<string>&lt;p style='color: rgba(91, 91, 91, 1.000000); font: 18px "Heiti SC"; -cocoa-font-postscriptname: "STHeitiSC-Light"; '&gt;…&lt;/p&gt;</string>
									<key>shrinkToFitContent</key>
									<integer>1</integer>
									<key>text</key>
									<string>{\rtf1\ansi\ansicpg936\cocoartf1347\cocoasubrtf570
{\fonttbl\f0\fnil\fcharset134 STHeitiSC-Light;}
{\colortbl;\red255\green255\blue255;\red91\green91\blue91;}
\pard\tx560\tx1120\tx1680\tx2240\tx2800\tx3360\tx3920\tx4480\tx5040\tx5600\tx6160\tx6720\pardirnatural

\f0\fs36 \cf2 \'a1\'ad}</string>
								</dict>
							</dict>
						</array>
						<key>title</key>
						<dict>
							<key>constrainedWidth</key>
							<integer>300</integer>
							<key>htmlText</key>
							<string>&lt;p style='color: rgba(91, 91, 91, 1.000000); font: 18px "Heiti SC"; -cocoa-font-postscriptname: "STHeitiSC-Light"; '&gt;Vender（第三方）&lt;/p&gt;</string>
							<key>shrinkToFitContent</key>
							<integer>1</integer>
							<key>text</key>
							<string>{\rtf1\ansi\ansicpg936\cocoartf1347\cocoasubrtf570
{\fonttbl\f0\fnil\fcharset134 STHeitiSC-Light;}
{\colortbl;\red255\green255\blue255;\red91\green91\blue91;}
\pard\tx560\tx1120\tx1680\tx2240\tx2800\tx3360\tx3920\tx4480\tx5040\tx5600\tx6160\tx6720\pardirnatural

\f0\fs36 \cf2 Vender\'a3\'a8\'b5\'da\'c8\'fd\'b7\'bd\'a3\'a9}</string>
						</dict>
					</dict>
					<dict>
						<key>contentAlignment</key>
						<integer>1</integer>
						<key>fillColor</key>
						<string>{1.000, 1.000, 1.000, 1.000}</string>
						<key>isDecreasingBranchThickness</key>
						<true/>
						<key>isDrawingFill</key>
						<false/>
						<key>isLeftAligned</key>
						<false/>
						<key>location</key>
						<string>{195, 465.5}</string>
						<key>nodeID</key>
						<string>21EA22B0-D9ED-48B7-ADAA-59FDBE9F3E7E</string>
						<key>strokeColor</key>
						<string>{0.194, 0.734, 0.282, 1.000}</string>
						<key>strokeStyle</key>
						<integer>0</integer>
						<key>strokeWidth</key>
						<real>6</real>
						<key>subnodes</key>
						<array>
							<dict>
								<key>contentAlignment</key>
								<integer>1</integer>
								<key>fillColor</key>
								<string>{1.000, 1.000, 1.000, 1.000}</string>
								<key>isDecreasingBranchThickness</key>
								<true/>
								<key>isDrawingFill</key>
								<false/>
								<key>isLeftAligned</key>
								<false/>
								<key>location</key>
								<string>{349, 430.5}</string>
								<key>nodeID</key>
								<string>4FD448B0-6634-411E-B3B2-6342A34C3F54</string>
								<key>strokeColor</key>
								<string>{0.194, 0.734, 0.282, 1.000}</string>
								<key>strokeStyle</key>
								<integer>0</integer>
								<key>strokeWidth</key>
								<real>5</real>
								<key>subnodes</key>
								<array/>
								<key>title</key>
								<dict>
									<key>constrainedWidth</key>
									<integer>300</integer>
									<key>htmlText</key>
									<string>&lt;p style='color: rgba(91, 91, 91, 1.000000); font: 18px "Heiti SC"; -cocoa-font-postscriptname: "STHeitiSC-Light"; '&gt;Plist&lt;/p&gt;</string>
									<key>shrinkToFitContent</key>
									<integer>1</integer>
									<key>text</key>
									<string>{\rtf1\ansi\ansicpg936\cocoartf1347\cocoasubrtf570
{\fonttbl\f0\fnil\fcharset134 STHeitiSC-Light;}
{\colortbl;\red255\green255\blue255;\red91\green91\blue91;}
\pard\tx560\tx1120\tx1680\tx2240\tx2800\tx3360\tx3920\tx4480\tx5040\tx5600\tx6160\tx6720\pardirnatural

\f0\fs36 \cf2 Plist}</string>
								</dict>
							</dict>
							<dict>
								<key>contentAlignment</key>
								<integer>1</integer>
								<key>fillColor</key>
								<string>{1.000, 1.000, 1.000, 1.000}</string>
								<key>isDecreasingBranchThickness</key>
								<true/>
								<key>isDrawingFill</key>
								<false/>
								<key>isLeftAligned</key>
								<false/>
								<key>location</key>
								<string>{349, 465.5}</string>
								<key>nodeID</key>
								<string>077B0D9E-E68A-4933-9DFB-2225BD94B374</string>
								<key>strokeColor</key>
								<string>{0.194, 0.734, 0.282, 1.000}</string>
								<key>strokeStyle</key>
								<integer>0</integer>
								<key>strokeWidth</key>
								<real>5</real>
								<key>subnodes</key>
								<array/>
								<key>title</key>
								<dict>
									<key>constrainedWidth</key>
									<integer>300</integer>
									<key>htmlText</key>
									<string>&lt;p style='color: rgba(91, 91, 91, 1.000000); font: 18px "Heiti SC"; -cocoa-font-postscriptname: "STHeitiSC-Light"; '&gt;Image&lt;/p&gt;</string>
									<key>shrinkToFitContent</key>
									<integer>1</integer>
									<key>text</key>
									<string>{\rtf1\ansi\ansicpg936\cocoartf1347\cocoasubrtf570
{\fonttbl\f0\fnil\fcharset134 STHeitiSC-Light;}
{\colortbl;\red255\green255\blue255;\red91\green91\blue91;}
\pard\tx560\tx1120\tx1680\tx2240\tx2800\tx3360\tx3920\tx4480\tx5040\tx5600\tx6160\tx6720\pardirnatural

\f0\fs36 \cf2 Image}</string>
								</dict>
							</dict>
							<dict>
								<key>contentAlignment</key>
								<integer>1</integer>
								<key>fillColor</key>
								<string>{1.000, 1.000, 1.000, 1.000}</string>
								<key>isDecreasingBranchThickness</key>
								<true/>
								<key>isDrawingFill</key>
								<false/>
								<key>isLeftAligned</key>
								<false/>
								<key>location</key>
								<string>{349, 500.5}</string>
								<key>nodeID</key>
								<string>894FE1BC-F5A9-4838-A105-CFDF6B5A61BC</string>
								<key>strokeColor</key>
								<string>{0.194, 0.734, 0.282, 1.000}</string>
								<key>strokeStyle</key>
								<integer>0</integer>
								<key>strokeWidth</key>
								<real>5</real>
								<key>subnodes</key>
								<array/>
								<key>title</key>
								<dict>
									<key>constrainedWidth</key>
									<integer>300</integer>
									<key>htmlText</key>
									<string>&lt;p style='color: rgba(91, 91, 91, 1.000000); font: 18px "Heiti SC"; -cocoa-font-postscriptname: "STHeitiSC-Light"; '&gt;Other&lt;/p&gt;</string>
									<key>shrinkToFitContent</key>
									<integer>1</integer>
									<key>text</key>
									<string>{\rtf1\ansi\ansicpg936\cocoartf1347\cocoasubrtf570
{\fonttbl\f0\fnil\fcharset134 STHeitiSC-Light;}
{\colortbl;\red255\green255\blue255;\red91\green91\blue91;}
\pard\tx560\tx1120\tx1680\tx2240\tx2800\tx3360\tx3920\tx4480\tx5040\tx5600\tx6160\tx6720\pardirnatural

\f0\fs36 \cf2 Other}</string>
								</dict>
							</dict>
						</array>
						<key>title</key>
						<dict>
							<key>constrainedWidth</key>
							<integer>300</integer>
							<key>htmlText</key>
							<string>&lt;p style='color: rgba(91, 91, 91, 1.000000); font: 18px "Heiti SC"; -cocoa-font-postscriptname: "STHeitiSC-Light"; '&gt;Resource&lt;/p&gt;</string>
							<key>shrinkToFitContent</key>
							<integer>1</integer>
							<key>text</key>
							<string>{\rtf1\ansi\ansicpg936\cocoartf1347\cocoasubrtf570
{\fonttbl\f0\fnil\fcharset134 STHeitiSC-Light;}
{\colortbl;\red255\green255\blue255;\red91\green91\blue91;}
\pard\tx560\tx1120\tx1680\tx2240\tx2800\tx3360\tx3920\tx4480\tx5040\tx5600\tx6160\tx6720\pardirnatural

\f0\fs36 \cf2 Resource}</string>
						</dict>
					</dict>
					<dict>
						<key>contentAlignment</key>
						<integer>1</integer>
						<key>fillColor</key>
						<string>{1.000, 1.000, 1.000, 1.000}</string>
						<key>isDecreasingBranchThickness</key>
						<true/>
						<key>isDrawingFill</key>
						<false/>
						<key>isLeftAligned</key>
						<false/>
						<key>location</key>
						<string>{195, 570.5}</string>
						<key>nodeID</key>
						<string>2C432AA4-AF99-4E95-A531-2D594EE32FFB</string>
						<key>strokeColor</key>
						<string>{0.689, 0.215, 0.952, 1.000}</string>
						<key>strokeStyle</key>
						<integer>0</integer>
						<key>strokeWidth</key>
						<real>6</real>
						<key>subnodes</key>
						<array>
							<dict>
								<key>contentAlignment</key>
								<integer>1</integer>
								<key>fillColor</key>
								<string>{1.000, 1.000, 1.000, 1.000}</string>
								<key>isDecreasingBranchThickness</key>
								<true/>
								<key>isDrawingFill</key>
								<false/>
								<key>isLeftAligned</key>
								<false/>
								<key>location</key>
								<string>{317, 535.5}</string>
								<key>nodeID</key>
								<string>0AD255D2-22FB-485E-8421-EEFE25D2102E</string>
								<key>strokeColor</key>
								<string>{0.689, 0.215, 0.952, 1.000}</string>
								<key>strokeStyle</key>
								<integer>0</integer>
								<key>strokeWidth</key>
								<real>5</real>
								<key>subnodes</key>
								<array/>
								<key>title</key>
								<dict>
									<key>constrainedWidth</key>
									<integer>300</integer>
									<key>htmlText</key>
									<string>&lt;p style='color: rgba(91, 91, 91, 1.000000); font: 18px "Heiti SC"; -cocoa-font-postscriptname: "STHeitiSC-Light"; '&gt;AppDelegate.h&lt;/p&gt;</string>
									<key>shrinkToFitContent</key>
									<integer>1</integer>
									<key>text</key>
									<string>{\rtf1\ansi\ansicpg936\cocoartf1347\cocoasubrtf570
{\fonttbl\f0\fnil\fcharset134 STHeitiSC-Light;}
{\colortbl;\red255\green255\blue255;\red91\green91\blue91;}
\pard\tx560\tx1120\tx1680\tx2240\tx2800\tx3360\tx3920\tx4480\tx5040\tx5600\tx6160\tx6720\pardirnatural

\f0\fs36 \cf2 AppDelegate.h}</string>
								</dict>
							</dict>
							<dict>
								<key>contentAlignment</key>
								<integer>1</integer>
								<key>fillColor</key>
								<string>{1.000, 1.000, 1.000, 1.000}</string>
								<key>isDecreasingBranchThickness</key>
								<true/>
								<key>isDrawingFill</key>
								<false/>
								<key>isLeftAligned</key>
								<false/>
								<key>location</key>
								<string>{317, 570.5}</string>
								<key>nodeID</key>
								<string>58F81120-E709-4292-A247-B1C0E7B09CDE</string>
								<key>strokeColor</key>
								<string>{0.689, 0.215, 0.952, 1.000}</string>
								<key>strokeStyle</key>
								<integer>0</integer>
								<key>strokeWidth</key>
								<real>5</real>
								<key>subnodes</key>
								<array/>
								<key>title</key>
								<dict>
									<key>constrainedWidth</key>
									<integer>300</integer>
									<key>htmlText</key>
									<string>&lt;p style='color: rgba(91, 91, 91, 1.000000); font: 18px "Heiti SC"; -cocoa-font-postscriptname: "STHeitiSC-Light"; '&gt;AppDelegate.m&lt;/p&gt;</string>
									<key>shrinkToFitContent</key>
									<integer>1</integer>
									<key>text</key>
									<string>{\rtf1\ansi\ansicpg936\cocoartf1347\cocoasubrtf570
{\fonttbl\f0\fnil\fcharset134 STHeitiSC-Light;}
{\colortbl;\red255\green255\blue255;\red91\green91\blue91;}
\pard\tx560\tx1120\tx1680\tx2240\tx2800\tx3360\tx3920\tx4480\tx5040\tx5600\tx6160\tx6720\pardirnatural

\f0\fs36 \cf2 AppDelegate.m}</string>
								</dict>
							</dict>
							<dict>
								<key>contentAlignment</key>
								<integer>1</integer>
								<key>fillColor</key>
								<string>{1.000, 1.000, 1.000, 1.000}</string>
								<key>isDecreasingBranchThickness</key>
								<true/>
								<key>isDrawingFill</key>
								<false/>
								<key>isLeftAligned</key>
								<false/>
								<key>location</key>
								<string>{317, 605.5}</string>
								<key>nodeID</key>
								<string>8B4BD48F-8756-4DF2-BF59-6B0555F2727B</string>
								<key>strokeColor</key>
								<string>{0.689, 0.215, 0.952, 1.000}</string>
								<key>strokeStyle</key>
								<integer>0</integer>
								<key>strokeWidth</key>
								<real>5</real>
								<key>subnodes</key>
								<array/>
								<key>title</key>
								<dict>
									<key>constrainedWidth</key>
									<integer>300</integer>
									<key>htmlText</key>
									<string>&lt;p style='color: rgba(91, 91, 91, 1.000000); font: 18px "Heiti SC"; -cocoa-font-postscriptname: "STHeitiSC-Light"; '&gt;main.m&lt;/p&gt;</string>
									<key>shrinkToFitContent</key>
									<integer>1</integer>
									<key>text</key>
									<string>{\rtf1\ansi\ansicpg936\cocoartf1347\cocoasubrtf570
{\fonttbl\f0\fnil\fcharset134 STHeitiSC-Light;}
{\colortbl;\red255\green255\blue255;\red91\green91\blue91;}
\pard\tx560\tx1120\tx1680\tx2240\tx2800\tx3360\tx3920\tx4480\tx5040\tx5600\tx6160\tx6720\pardirnatural

\f0\fs36 \cf2 main.m}</string>
								</dict>
							</dict>
						</array>
						<key>title</key>
						<dict>
							<key>constrainedWidth</key>
							<integer>300</integer>
							<key>htmlText</key>
							<string>&lt;p style='color: rgba(91, 91, 91, 1.000000); font: 18px "Heiti SC"; -cocoa-font-postscriptname: "STHeitiSC-Light"; '&gt;Other&lt;/p&gt;</string>
							<key>shrinkToFitContent</key>
							<integer>1</integer>
							<key>text</key>
							<string>{\rtf1\ansi\ansicpg936\cocoartf1347\cocoasubrtf570
{\fonttbl\f0\fnil\fcharset134 STHeitiSC-Light;}
{\colortbl;\red255\green255\blue255;\red91\green91\blue91;}
\pard\tx560\tx1120\tx1680\tx2240\tx2800\tx3360\tx3920\tx4480\tx5040\tx5600\tx6160\tx6720\pardirnatural

\f0\fs36 \cf2 Other}</string>
						</dict>
					</dict>
				</array>
				<key>title</key>
				<dict>
					<key>constrainedWidth</key>
					<integer>300</integer>
					<key>htmlText</key>
					<string>&lt;p style='color: rgba(21, 122, 150, 1.000000); font: 21px "Heiti SC"; -cocoa-font-postscriptname: "STHeitiSC-Light"; '&gt;目录结构二&lt;/p&gt;</string>
					<key>shrinkToFitContent</key>
					<integer>1</integer>
					<key>text</key>
					<string>{\rtf1\ansi\ansicpg936\cocoartf1347\cocoasubrtf570
{\fonttbl\f0\fnil\fcharset134 STHeitiSC-Light;}
{\colortbl;\red255\green255\blue255;\red21\green122\blue150;}
\pard\tx560\tx1120\tx1680\tx2240\tx2800\tx3360\tx3920\tx4480\tx5040\tx5600\tx6160\tx6720\pardirnatural

\f0\fs42 \cf2 \'c4\'bf\'c2\'bc\'bd\'e1\'b9\'b9\'b6\'fe}</string>
				</dict>
			</dict>
		</array>
	</dict>
	<key>printInfo</key>
	<data>
	BAtzdHJlYW10eXBlZIHoA4QBQISEhAtOU1ByaW50SW5mbwGEhAhOU09iamVjdACFkoSE
	hBNOU011dGFibGVEaWN0aW9uYXJ5AISEDE5TRGljdGlvbmFyeQCUhAFpCJKEhIQITlNT
	dHJpbmcBlIQBKxZOU0hvcml6b250YWxseUNlbnRlcmVkhpKEhIQITlNOdW1iZXIAhIQH
	TlNWYWx1ZQCUhAEqhIQBY50BhpKEmZkNTlNSaWdodE1hcmdpboaShJuchIQBZp5IhpKE
	mZkMTlNMZWZ0TWFyZ2luhpKEm5ygnkiGkoSZmRVOU0hvcml6b25hbFBhZ2luYXRpb26G
	koSbnISXlwKGkoSZmRROU1ZlcnRpY2FsUGFnaW5hdGlvboaShJucpZcAhpKEmZkUTlNW
	ZXJ0aWNhbGx5Q2VudGVyZWSGkpqShJmZC05TVG9wTWFyZ2luhpKEm5ygnlqGkoSZmQ5O
	U0JvdHRvbU1hcmdpboaShJucoJ5ahoaG
	</data>
	<key>title</key>
	<string>目录结构二</string>
	<key>version</key>
	<integer>4</integer>
</dict>
</plist>
