<?xml version="1.0" encoding="UTF-8"?>
<!DOCTYPE plist PUBLIC "-//Apple//DTD PLIST 1.0//EN" "http://www.apple.com/DTDs/PropertyList-1.0.dtd">
<plist version="1.0">
<dict>
	<key>author</key>
	<string></string>
	<key>comments</key>
	<string></string>
	<key>isUsingConstrainedLayout</key>
	<true/>
	<key>keywords</key>
	<string></string>
	<key>mindMap</key>
	<dict>
		<key>associations</key>
		<array/>
		<key>color</key>
		<string>{0.956, 0.966, 0.956, 1.000}</string>
		<key>mainNodes</key>
		<array>
			<dict>
				<key>contentAlignment</key>
				<integer>1</integer>
				<key>fillColor</key>
				<string>{1.000, 1.000, 1.000, 1.000}</string>
				<key>isDecreasingBranchThickness</key>
				<true/>
				<key>isDrawingFill</key>
				<true/>
				<key>isLeftAligned</key>
				<false/>
				<key>location</key>
				<string>{-181.71484375, -7.15625}</string>
				<key>nodeID</key>
				<string>3F6593A8-5005-4098-856F-AE7D260AF14F</string>
				<key>strokeColor</key>
				<string>{0.965, 0.965, 0.965, 1.000}</string>
				<key>strokeStyle</key>
				<integer>0</integer>
				<key>strokeWidth</key>
				<real>2</real>
				<key>subnodes</key>
				<array>
					<dict>
						<key>contentAlignment</key>
						<integer>1</integer>
						<key>fillColor</key>
						<string>{1.000, 1.000, 1.000, 1.000}</string>
						<key>isDecreasingBranchThickness</key>
						<true/>
						<key>isDrawingFill</key>
						<false/>
						<key>isLeftAligned</key>
						<false/>
						<key>location</key>
						<string>{13.28515625, -504.15625}</string>
						<key>nodeID</key>
						<string>DA7B950E-F414-409E-8F93-091B0A8E1AC2</string>
						<key>strokeColor</key>
						<string>{0.689, 0.215, 0.952, 1.000}</string>
						<key>strokeStyle</key>
						<integer>0</integer>
						<key>strokeWidth</key>
						<real>6</real>
						<key>subnodes</key>
						<array>
							<dict>
								<key>contentAlignment</key>
								<integer>1</integer>
								<key>fillColor</key>
								<string>{1.000, 1.000, 1.000, 1.000}</string>
								<key>isDecreasingBranchThickness</key>
								<true/>
								<key>isDrawingFill</key>
								<false/>
								<key>isLeftAligned</key>
								<false/>
								<key>location</key>
								<string>{141.28515625, -556.65625}</string>
								<key>nodeID</key>
								<string>32E6DCDA-F6B3-461A-9974-BA8FF79DAE99</string>
								<key>strokeColor</key>
								<string>{0.689, 0.215, 0.952, 1.000}</string>
								<key>strokeStyle</key>
								<integer>0</integer>
								<key>strokeWidth</key>
								<real>5</real>
								<key>subnodes</key>
								<array/>
								<key>title</key>
								<dict>
									<key>constrainedWidth</key>
									<integer>300</integer>
									<key>htmlText</key>
									<string>&lt;p style='color: rgba(91, 91, 91, 1.000000); font: 18px "Heiti SC"; -cocoa-font-postscriptname: "STHeitiSC-Light"; '&gt;Model1&lt;/p&gt;</string>
									<key>shrinkToFitContent</key>
									<integer>1</integer>
									<key>text</key>
									<string>{\rtf1\ansi\ansicpg936\cocoartf1347\cocoasubrtf570
{\fonttbl\f0\fnil\fcharset134 STHeitiSC-Light;}
{\colortbl;\red255\green255\blue255;\red91\green91\blue91;}
\pard\tx560\tx1120\tx1680\tx2240\tx2800\tx3360\tx3920\tx4480\tx5040\tx5600\tx6160\tx6720\pardirnatural

\f0\fs36 \cf2 Model1}</string>
								</dict>
							</dict>
							<dict>
								<key>contentAlignment</key>
								<integer>1</integer>
								<key>fillColor</key>
								<string>{1.000, 1.000, 1.000, 1.000}</string>
								<key>isDecreasingBranchThickness</key>
								<true/>
								<key>isDrawingFill</key>
								<false/>
								<key>isLeftAligned</key>
								<false/>
								<key>location</key>
								<string>{141.28515625, -521.65625}</string>
								<key>nodeID</key>
								<string>6B79BAA9-1797-4E5B-AB3A-BCF1836441E6</string>
								<key>strokeColor</key>
								<string>{0.689, 0.215, 0.952, 1.000}</string>
								<key>strokeStyle</key>
								<integer>0</integer>
								<key>strokeWidth</key>
								<real>5</real>
								<key>subnodes</key>
								<array/>
								<key>title</key>
								<dict>
									<key>constrainedWidth</key>
									<integer>300</integer>
									<key>htmlText</key>
									<string>&lt;p style='color: rgba(91, 91, 91, 1.000000); font: 18px "Heiti SC"; -cocoa-font-postscriptname: "STHeitiSC-Light"; '&gt;Model2&lt;/p&gt;</string>
									<key>shrinkToFitContent</key>
									<integer>1</integer>
									<key>text</key>
									<string>{\rtf1\ansi\ansicpg936\cocoartf1347\cocoasubrtf570
{\fonttbl\f0\fnil\fcharset134 STHeitiSC-Light;}
{\colortbl;\red255\green255\blue255;\red91\green91\blue91;}
\pard\tx560\tx1120\tx1680\tx2240\tx2800\tx3360\tx3920\tx4480\tx5040\tx5600\tx6160\tx6720\pardirnatural

\f0\fs36 \cf2 Model2}</string>
								</dict>
							</dict>
							<dict>
								<key>contentAlignment</key>
								<integer>1</integer>
								<key>fillColor</key>
								<string>{1.000, 1.000, 1.000, 1.000}</string>
								<key>isDecreasingBranchThickness</key>
								<true/>
								<key>isDrawingFill</key>
								<false/>
								<key>isLeftAligned</key>
								<false/>
								<key>location</key>
								<string>{141.28515625, -486.65625}</string>
								<key>nodeID</key>
								<string>710763E7-1875-4ED1-953D-B950355A0439</string>
								<key>strokeColor</key>
								<string>{0.689, 0.215, 0.952, 1.000}</string>
								<key>strokeStyle</key>
								<integer>0</integer>
								<key>strokeWidth</key>
								<real>5</real>
								<key>subnodes</key>
								<array/>
								<key>title</key>
								<dict>
									<key>constrainedWidth</key>
									<integer>300</integer>
									<key>htmlText</key>
									<string>&lt;p style='color: rgba(91, 91, 91, 1.000000); font: 18px "Heiti SC"; -cocoa-font-postscriptname: "STHeitiSC-Light"; '&gt;…&lt;/p&gt;</string>
									<key>shrinkToFitContent</key>
									<integer>1</integer>
									<key>text</key>
									<string>{\rtf1\ansi\ansicpg936\cocoartf1347\cocoasubrtf570
{\fonttbl\f0\fnil\fcharset134 STHeitiSC-Light;}
{\colortbl;\red255\green255\blue255;\red91\green91\blue91;}
\pard\tx560\tx1120\tx1680\tx2240\tx2800\tx3360\tx3920\tx4480\tx5040\tx5600\tx6160\tx6720\pardirnatural

\f0\fs36 \cf2 \'a1\'ad}</string>
								</dict>
							</dict>
							<dict>
								<key>contentAlignment</key>
								<integer>1</integer>
								<key>fillColor</key>
								<string>{1.000, 1.000, 1.000, 1.000}</string>
								<key>isDecreasingBranchThickness</key>
								<true/>
								<key>isDrawingFill</key>
								<false/>
								<key>isLeftAligned</key>
								<false/>
								<key>location</key>
								<string>{141.28515625, -451.65625}</string>
								<key>nodeID</key>
								<string>77F9548D-39DA-4347-A04D-059D15275856</string>
								<key>strokeColor</key>
								<string>{0.689, 0.215, 0.952, 1.000}</string>
								<key>strokeStyle</key>
								<integer>0</integer>
								<key>strokeWidth</key>
								<real>5</real>
								<key>subnodes</key>
								<array/>
								<key>title</key>
								<dict>
									<key>constrainedWidth</key>
									<integer>300</integer>
									<key>htmlText</key>
									<string>&lt;p style='color: rgba(91, 91, 91, 1.000000); font: 18px "Heiti SC"; -cocoa-font-postscriptname: "STHeitiSC-Light"; '&gt;Other&lt;/p&gt;</string>
									<key>shrinkToFitContent</key>
									<integer>1</integer>
									<key>text</key>
									<string>{\rtf1\ansi\ansicpg936\cocoartf1347\cocoasubrtf570
{\fonttbl\f0\fnil\fcharset134 STHeitiSC-Light;}
{\colortbl;\red255\green255\blue255;\red91\green91\blue91;}
\pard\tx560\tx1120\tx1680\tx2240\tx2800\tx3360\tx3920\tx4480\tx5040\tx5600\tx6160\tx6720\pardirnatural

\f0\fs36 \cf2 Other}</string>
								</dict>
							</dict>
						</array>
						<key>title</key>
						<dict>
							<key>constrainedWidth</key>
							<integer>300</integer>
							<key>htmlText</key>
							<string>&lt;p style='color: rgba(91, 91, 91, 1.000000); font: 18px "Heiti SC"; -cocoa-font-postscriptname: "STHeitiSC-Light"; '&gt;Model&lt;/p&gt;</string>
							<key>shrinkToFitContent</key>
							<integer>1</integer>
							<key>text</key>
							<string>{\rtf1\ansi\ansicpg936\cocoartf1347\cocoasubrtf570
{\fonttbl\f0\fnil\fcharset134 STHeitiSC-Light;}
{\colortbl;\red255\green255\blue255;\red91\green91\blue91;}
\pard\tx560\tx1120\tx1680\tx2240\tx2800\tx3360\tx3920\tx4480\tx5040\tx5600\tx6160\tx6720\pardirnatural

\f0\fs36 \cf2 Model}</string>
						</dict>
					</dict>
					<dict>
						<key>contentAlignment</key>
						<integer>1</integer>
						<key>fillColor</key>
						<string>{1.000, 1.000, 1.000, 1.000}</string>
						<key>isDecreasingBranchThickness</key>
						<true/>
						<key>isDrawingFill</key>
						<false/>
						<key>isLeftAligned</key>
						<false/>
						<key>location</key>
						<string>{13.28515625, -364.15625}</string>
						<key>nodeID</key>
						<string>83CC726F-46A4-4CF5-88F9-94F332AC99F0</string>
						<key>strokeColor</key>
						<string>{0.144, 0.670, 1.000, 1.000}</string>
						<key>strokeStyle</key>
						<integer>0</integer>
						<key>strokeWidth</key>
						<real>6</real>
						<key>subnodes</key>
						<array>
							<dict>
								<key>contentAlignment</key>
								<integer>1</integer>
								<key>fillColor</key>
								<string>{1.000, 1.000, 1.000, 1.000}</string>
								<key>isDecreasingBranchThickness</key>
								<true/>
								<key>isDrawingFill</key>
								<false/>
								<key>isLeftAligned</key>
								<false/>
								<key>location</key>
								<string>{128.28515625, -416.65625}</string>
								<key>nodeID</key>
								<string>4292BF82-CA5C-4A5D-9564-CBF0B5F9761B</string>
								<key>strokeColor</key>
								<string>{0.144, 0.670, 1.000, 1.000}</string>
								<key>strokeStyle</key>
								<integer>0</integer>
								<key>strokeWidth</key>
								<real>5</real>
								<key>subnodes</key>
								<array/>
								<key>title</key>
								<dict>
									<key>constrainedWidth</key>
									<integer>300</integer>
									<key>htmlText</key>
									<string>&lt;p style='color: rgba(91, 91, 91, 1.000000); font: 18px "Heiti SC"; -cocoa-font-postscriptname: "STHeitiSC-Light"; '&gt;View1&lt;/p&gt;</string>
									<key>shrinkToFitContent</key>
									<integer>1</integer>
									<key>text</key>
									<string>{\rtf1\ansi\ansicpg936\cocoartf1347\cocoasubrtf570
{\fonttbl\f0\fnil\fcharset134 STHeitiSC-Light;}
{\colortbl;\red255\green255\blue255;\red91\green91\blue91;}
\pard\tx560\tx1120\tx1680\tx2240\tx2800\tx3360\tx3920\tx4480\tx5040\tx5600\tx6160\tx6720\pardirnatural

\f0\fs36 \cf2 View1}</string>
								</dict>
							</dict>
							<dict>
								<key>contentAlignment</key>
								<integer>1</integer>
								<key>fillColor</key>
								<string>{1.000, 1.000, 1.000, 1.000}</string>
								<key>isDecreasingBranchThickness</key>
								<true/>
								<key>isDrawingFill</key>
								<false/>
								<key>isLeftAligned</key>
								<false/>
								<key>location</key>
								<string>{128.28515625, -381.65625}</string>
								<key>nodeID</key>
								<string>E7D81716-148E-40EC-87CF-D20326FE9607</string>
								<key>strokeColor</key>
								<string>{0.144, 0.670, 1.000, 1.000}</string>
								<key>strokeStyle</key>
								<integer>0</integer>
								<key>strokeWidth</key>
								<real>5</real>
								<key>subnodes</key>
								<array/>
								<key>title</key>
								<dict>
									<key>constrainedWidth</key>
									<integer>300</integer>
									<key>htmlText</key>
									<string>&lt;p style='color: rgba(91, 91, 91, 1.000000); font: 18px "Heiti SC"; -cocoa-font-postscriptname: "STHeitiSC-Light"; '&gt;View2&lt;/p&gt;</string>
									<key>shrinkToFitContent</key>
									<integer>1</integer>
									<key>text</key>
									<string>{\rtf1\ansi\ansicpg936\cocoartf1347\cocoasubrtf570
{\fonttbl\f0\fnil\fcharset134 STHeitiSC-Light;}
{\colortbl;\red255\green255\blue255;\red91\green91\blue91;}
\pard\tx560\tx1120\tx1680\tx2240\tx2800\tx3360\tx3920\tx4480\tx5040\tx5600\tx6160\tx6720\pardirnatural

\f0\fs36 \cf2 View2}</string>
								</dict>
							</dict>
							<dict>
								<key>contentAlignment</key>
								<integer>1</integer>
								<key>fillColor</key>
								<string>{1.000, 1.000, 1.000, 1.000}</string>
								<key>isDecreasingBranchThickness</key>
								<true/>
								<key>isDrawingFill</key>
								<false/>
								<key>isLeftAligned</key>
								<false/>
								<key>location</key>
								<string>{128.28515625, -346.65625}</string>
								<key>nodeID</key>
								<string>135489A3-A1A1-4FC4-A39D-1830B7256442</string>
								<key>strokeColor</key>
								<string>{0.144, 0.670, 1.000, 1.000}</string>
								<key>strokeStyle</key>
								<integer>0</integer>
								<key>strokeWidth</key>
								<real>5</real>
								<key>subnodes</key>
								<array/>
								<key>title</key>
								<dict>
									<key>constrainedWidth</key>
									<integer>300</integer>
									<key>htmlText</key>
									<string>&lt;p style='color: rgba(91, 91, 91, 1.000000); font: 18px "Heiti SC"; -cocoa-font-postscriptname: "STHeitiSC-Light"; '&gt;…&lt;/p&gt;</string>
									<key>shrinkToFitContent</key>
									<integer>1</integer>
									<key>text</key>
									<string>{\rtf1\ansi\ansicpg936\cocoartf1347\cocoasubrtf570
{\fonttbl\f0\fnil\fcharset134 STHeitiSC-Light;}
{\colortbl;\red255\green255\blue255;\red91\green91\blue91;}
\pard\tx560\tx1120\tx1680\tx2240\tx2800\tx3360\tx3920\tx4480\tx5040\tx5600\tx6160\tx6720\pardirnatural

\f0\fs36 \cf2 \'a1\'ad}</string>
								</dict>
							</dict>
							<dict>
								<key>contentAlignment</key>
								<integer>1</integer>
								<key>fillColor</key>
								<string>{1.000, 1.000, 1.000, 1.000}</string>
								<key>isDecreasingBranchThickness</key>
								<true/>
								<key>isDrawingFill</key>
								<false/>
								<key>isLeftAligned</key>
								<false/>
								<key>location</key>
								<string>{128.28515625, -311.65625}</string>
								<key>nodeID</key>
								<string>9D654582-EA7B-4B86-AD76-287595768435</string>
								<key>strokeColor</key>
								<string>{0.144, 0.670, 1.000, 1.000}</string>
								<key>strokeStyle</key>
								<integer>0</integer>
								<key>strokeWidth</key>
								<real>5</real>
								<key>subnodes</key>
								<array/>
								<key>title</key>
								<dict>
									<key>constrainedWidth</key>
									<integer>300</integer>
									<key>htmlText</key>
									<string>&lt;p style='color: rgba(91, 91, 91, 1.000000); font: 18px "Heiti SC"; -cocoa-font-postscriptname: "STHeitiSC-Light"; '&gt;Other&lt;/p&gt;</string>
									<key>shrinkToFitContent</key>
									<integer>1</integer>
									<key>text</key>
									<string>{\rtf1\ansi\ansicpg936\cocoartf1347\cocoasubrtf570
{\fonttbl\f0\fnil\fcharset134 STHeitiSC-Light;}
{\colortbl;\red255\green255\blue255;\red91\green91\blue91;}
\pard\tx560\tx1120\tx1680\tx2240\tx2800\tx3360\tx3920\tx4480\tx5040\tx5600\tx6160\tx6720\pardirnatural

\f0\fs36 \cf2 Other}</string>
								</dict>
							</dict>
						</array>
						<key>title</key>
						<dict>
							<key>constrainedWidth</key>
							<integer>300</integer>
							<key>htmlText</key>
							<string>&lt;p style='color: rgba(91, 91, 91, 1.000000); font: 18px "Heiti SC"; -cocoa-font-postscriptname: "STHeitiSC-Light"; '&gt;View&lt;/p&gt;</string>
							<key>shrinkToFitContent</key>
							<integer>1</integer>
							<key>text</key>
							<string>{\rtf1\ansi\ansicpg936\cocoartf1347\cocoasubrtf570
{\fonttbl\f0\fnil\fcharset134 STHeitiSC-Light;}
{\colortbl;\red255\green255\blue255;\red91\green91\blue91;}
\pard\tx560\tx1120\tx1680\tx2240\tx2800\tx3360\tx3920\tx4480\tx5040\tx5600\tx6160\tx6720\pardirnatural

\f0\fs36 \cf2 View}</string>
						</dict>
					</dict>
					<dict>
						<key>contentAlignment</key>
						<integer>1</integer>
						<key>fillColor</key>
						<string>{1.000, 1.000, 1.000, 1.000}</string>
						<key>isDecreasingBranchThickness</key>
						<true/>
						<key>isDrawingFill</key>
						<false/>
						<key>isLeftAligned</key>
						<false/>
						<key>location</key>
						<string>{13.28515625, -119.15625}</string>
						<key>nodeID</key>
						<string>FF657E56-99A1-4851-9490-BBE48CADEC2E</string>
						<key>strokeColor</key>
						<string>{1.000, 0.742, 0.041, 1.000}</string>
						<key>strokeStyle</key>
						<integer>0</integer>
						<key>strokeWidth</key>
						<real>6</real>
						<key>subnodes</key>
						<array>
							<dict>
								<key>contentAlignment</key>
								<integer>1</integer>
								<key>fillColor</key>
								<string>{1.000, 1.000, 1.000, 1.000}</string>
								<key>isDecreasingBranchThickness</key>
								<true/>
								<key>isDrawingFill</key>
								<false/>
								<key>isLeftAligned</key>
								<false/>
								<key>location</key>
								<string>{213.28515625, -276.65625}</string>
								<key>nodeID</key>
								<string>621C2894-378B-4D87-949A-3A377371F533</string>
								<key>strokeColor</key>
								<string>{1.000, 0.742, 0.041, 1.000}</string>
								<key>strokeStyle</key>
								<integer>0</integer>
								<key>strokeWidth</key>
								<real>5</real>
								<key>subnodes</key>
								<array/>
								<key>title</key>
								<dict>
									<key>constrainedWidth</key>
									<integer>300</integer>
									<key>htmlText</key>
									<string>&lt;p style='color: rgba(91, 91, 91, 1.000000); font: 18px "Heiti SC"; -cocoa-font-postscriptname: "STHeitiSC-Light"; '&gt;ViewController1&lt;/p&gt;</string>
									<key>shrinkToFitContent</key>
									<integer>1</integer>
									<key>text</key>
									<string>{\rtf1\ansi\ansicpg936\cocoartf1347\cocoasubrtf570
{\fonttbl\f0\fnil\fcharset134 STHeitiSC-Light;}
{\colortbl;\red255\green255\blue255;\red91\green91\blue91;}
\pard\tx560\tx1120\tx1680\tx2240\tx2800\tx3360\tx3920\tx4480\tx5040\tx5600\tx6160\tx6720\pardirnatural

\f0\fs36 \cf2 ViewController1}</string>
								</dict>
							</dict>
							<dict>
								<key>contentAlignment</key>
								<integer>1</integer>
								<key>fillColor</key>
								<string>{1.000, 1.000, 1.000, 1.000}</string>
								<key>isDecreasingBranchThickness</key>
								<true/>
								<key>isDrawingFill</key>
								<false/>
								<key>isLeftAligned</key>
								<false/>
								<key>location</key>
								<string>{213.28515625, -241.65625}</string>
								<key>nodeID</key>
								<string>0FF30E64-E0F4-48DC-80ED-158CB0A4158A</string>
								<key>strokeColor</key>
								<string>{1.000, 0.742, 0.041, 1.000}</string>
								<key>strokeStyle</key>
								<integer>0</integer>
								<key>strokeWidth</key>
								<real>5</real>
								<key>subnodes</key>
								<array/>
								<key>title</key>
								<dict>
									<key>constrainedWidth</key>
									<integer>300</integer>
									<key>htmlText</key>
									<string>&lt;p style='color: rgba(91, 91, 91, 1.000000); font: 18px "Heiti SC"; -cocoa-font-postscriptname: "STHeitiSC-Light"; '&gt;ViewController2&lt;/p&gt;</string>
									<key>shrinkToFitContent</key>
									<integer>1</integer>
									<key>text</key>
									<string>{\rtf1\ansi\ansicpg936\cocoartf1347\cocoasubrtf570
{\fonttbl\f0\fnil\fcharset134 STHeitiSC-Light;}
{\colortbl;\red255\green255\blue255;\red91\green91\blue91;}
\pard\tx560\tx1120\tx1680\tx2240\tx2800\tx3360\tx3920\tx4480\tx5040\tx5600\tx6160\tx6720\pardirnatural

\f0\fs36 \cf2 ViewController2}</string>
								</dict>
							</dict>
							<dict>
								<key>contentAlignment</key>
								<integer>1</integer>
								<key>fillColor</key>
								<string>{1.000, 1.000, 1.000, 1.000}</string>
								<key>isDecreasingBranchThickness</key>
								<true/>
								<key>isDrawingFill</key>
								<false/>
								<key>isLeftAligned</key>
								<false/>
								<key>location</key>
								<string>{213.28515625, -206.65625}</string>
								<key>nodeID</key>
								<string>3EC51DFE-B9B6-4DB4-9723-E1C3E385B73A</string>
								<key>strokeColor</key>
								<string>{1.000, 0.742, 0.041, 1.000}</string>
								<key>strokeStyle</key>
								<integer>0</integer>
								<key>strokeWidth</key>
								<real>5</real>
								<key>subnodes</key>
								<array/>
								<key>title</key>
								<dict>
									<key>constrainedWidth</key>
									<integer>300</integer>
									<key>htmlText</key>
									<string>&lt;p style='color: rgba(91, 91, 91, 1.000000); font: 18px "Heiti SC"; -cocoa-font-postscriptname: "STHeitiSC-Light"; '&gt;…&lt;/p&gt;</string>
									<key>shrinkToFitContent</key>
									<integer>1</integer>
									<key>text</key>
									<string>{\rtf1\ansi\ansicpg936\cocoartf1347\cocoasubrtf570
{\fonttbl\f0\fnil\fcharset134 STHeitiSC-Light;}
{\colortbl;\red255\green255\blue255;\red91\green91\blue91;}
\pard\tx560\tx1120\tx1680\tx2240\tx2800\tx3360\tx3920\tx4480\tx5040\tx5600\tx6160\tx6720\pardirnatural

\f0\fs36 \cf2 \'a1\'ad}</string>
								</dict>
							</dict>
							<dict>
								<key>contentAlignment</key>
								<integer>1</integer>
								<key>fillColor</key>
								<string>{1.000, 1.000, 1.000, 1.000}</string>
								<key>isDecreasingBranchThickness</key>
								<true/>
								<key>isDrawingFill</key>
								<false/>
								<key>isLeftAligned</key>
								<false/>
								<key>location</key>
								<string>{213.28515625, -66.65625}</string>
								<key>nodeID</key>
								<string>3492E313-2C2E-4301-A537-996168D0437E</string>
								<key>strokeColor</key>
								<string>{1.000, 0.742, 0.041, 1.000}</string>
								<key>strokeStyle</key>
								<integer>0</integer>
								<key>strokeWidth</key>
								<real>5</real>
								<key>subnodes</key>
								<array>
									<dict>
										<key>contentAlignment</key>
										<integer>1</integer>
										<key>fillColor</key>
										<string>{1.000, 1.000, 1.000, 1.000}</string>
										<key>isDecreasingBranchThickness</key>
										<true/>
										<key>isDrawingFill</key>
										<false/>
										<key>isLeftAligned</key>
										<false/>
										<key>location</key>
										<string>{335.28515625, -171.65625}</string>
										<key>nodeID</key>
										<string>88940F19-0BB1-46CF-B88E-11319D689A39</string>
										<key>strokeColor</key>
										<string>{1.000, 0.742, 0.041, 1.000}</string>
										<key>strokeStyle</key>
										<integer>0</integer>
										<key>strokeWidth</key>
										<real>4</real>
										<key>subnodes</key>
										<array/>
										<key>title</key>
										<dict>
											<key>constrainedWidth</key>
											<integer>300</integer>
											<key>htmlText</key>
											<string>&lt;p style='color: rgba(91, 91, 91, 1.000000); font: 18px "Heiti SC"; -cocoa-font-postscriptname: "STHeitiSC-Light"; '&gt;TabBar&lt;/p&gt;</string>
											<key>shrinkToFitContent</key>
											<integer>1</integer>
											<key>text</key>
											<string>{\rtf1\ansi\ansicpg936\cocoartf1347\cocoasubrtf570
{\fonttbl\f0\fnil\fcharset134 STHeitiSC-Light;}
{\colortbl;\red255\green255\blue255;\red91\green91\blue91;}
\pard\tx560\tx1120\tx1680\tx2240\tx2800\tx3360\tx3920\tx4480\tx5040\tx5600\tx6160\tx6720\pardirnatural

\f0\fs36 \cf2 TabBar}</string>
										</dict>
									</dict>
									<dict>
										<key>contentAlignment</key>
										<integer>1</integer>
										<key>fillColor</key>
										<string>{1.000, 1.000, 1.000, 1.000}</string>
										<key>isDecreasingBranchThickness</key>
										<true/>
										<key>isDrawingFill</key>
										<false/>
										<key>isLeftAligned</key>
										<false/>
										<key>location</key>
										<string>{335.28515625, -136.65625}</string>
										<key>nodeID</key>
										<string>77808D04-4C2A-463E-91A4-90C2B705DDF8</string>
										<key>strokeColor</key>
										<string>{1.000, 0.742, 0.041, 1.000}</string>
										<key>strokeStyle</key>
										<integer>0</integer>
										<key>strokeWidth</key>
										<real>4</real>
										<key>subnodes</key>
										<array/>
										<key>title</key>
										<dict>
											<key>constrainedWidth</key>
											<integer>300</integer>
											<key>htmlText</key>
											<string>&lt;p style='color: rgba(91, 91, 91, 1.000000); font: 18px "Heiti SC"; -cocoa-font-postscriptname: "STHeitiSC-Light"; '&gt;Navigation&lt;/p&gt;</string>
											<key>shrinkToFitContent</key>
											<integer>1</integer>
											<key>text</key>
											<string>{\rtf1\ansi\ansicpg936\cocoartf1347\cocoasubrtf570
{\fonttbl\f0\fnil\fcharset134 STHeitiSC-Light;}
{\colortbl;\red255\green255\blue255;\red91\green91\blue91;}
\pard\tx560\tx1120\tx1680\tx2240\tx2800\tx3360\tx3920\tx4480\tx5040\tx5600\tx6160\tx6720\pardirnatural

\f0\fs36 \cf2 Navigation}</string>
										</dict>
									</dict>
									<dict>
										<key>contentAlignment</key>
										<integer>1</integer>
										<key>fillColor</key>
										<string>{1.000, 1.000, 1.000, 1.000}</string>
										<key>isDecreasingBranchThickness</key>
										<true/>
										<key>isDrawingFill</key>
										<false/>
										<key>isLeftAligned</key>
										<false/>
										<key>location</key>
										<string>{335.28515625, -101.65625}</string>
										<key>nodeID</key>
										<string>9DBCB4D2-2FFA-4C8A-86AE-FF3773CB724D</string>
										<key>strokeColor</key>
										<string>{1.000, 0.742, 0.041, 1.000}</string>
										<key>strokeStyle</key>
										<integer>0</integer>
										<key>strokeWidth</key>
										<real>4</real>
										<key>subnodes</key>
										<array/>
										<key>title</key>
										<dict>
											<key>constrainedWidth</key>
											<integer>300</integer>
											<key>htmlText</key>
											<string>&lt;p style='color: rgba(91, 91, 91, 1.000000); font: 18px "Heiti SC"; -cocoa-font-postscriptname: "STHeitiSC-Light"; '&gt;Public&lt;/p&gt;</string>
											<key>shrinkToFitContent</key>
											<integer>1</integer>
											<key>text</key>
											<string>{\rtf1\ansi\ansicpg936\cocoartf1347\cocoasubrtf570
{\fonttbl\f0\fnil\fcharset134 STHeitiSC-Light;}
{\colortbl;\red255\green255\blue255;\red91\green91\blue91;}
\pard\tx560\tx1120\tx1680\tx2240\tx2800\tx3360\tx3920\tx4480\tx5040\tx5600\tx6160\tx6720\pardirnatural

\f0\fs36 \cf2 Public}</string>
										</dict>
									</dict>
									<dict>
										<key>contentAlignment</key>
										<integer>1</integer>
										<key>fillColor</key>
										<string>{1.000, 1.000, 1.000, 1.000}</string>
										<key>isDecreasingBranchThickness</key>
										<true/>
										<key>isDrawingFill</key>
										<false/>
										<key>isLeftAligned</key>
										<false/>
										<key>location</key>
										<string>{335.28515625, -66.65625}</string>
										<key>nodeID</key>
										<string>842BE5D9-C25F-4F90-A68D-DCE2AC4E81C8</string>
										<key>strokeColor</key>
										<string>{1.000, 0.742, 0.041, 1.000}</string>
										<key>strokeStyle</key>
										<integer>0</integer>
										<key>strokeWidth</key>
										<real>4</real>
										<key>subnodes</key>
										<array/>
										<key>title</key>
										<dict>
											<key>constrainedWidth</key>
											<integer>300</integer>
											<key>htmlText</key>
											<string>&lt;p style='color: rgba(91, 91, 91, 1.000000); font: 18px "Heiti SC"; -cocoa-font-postscriptname: "STHeitiSC-Light"; '&gt;Login&lt;/p&gt;</string>
											<key>shrinkToFitContent</key>
											<integer>1</integer>
											<key>text</key>
											<string>{\rtf1\ansi\ansicpg936\cocoartf1347\cocoasubrtf570
{\fonttbl\f0\fnil\fcharset134 STHeitiSC-Light;}
{\colortbl;\red255\green255\blue255;\red91\green91\blue91;}
\pard\tx560\tx1120\tx1680\tx2240\tx2800\tx3360\tx3920\tx4480\tx5040\tx5600\tx6160\tx6720\pardirnatural

\f0\fs36 \cf2 Login}</string>
										</dict>
									</dict>
									<dict>
										<key>contentAlignment</key>
										<integer>1</integer>
										<key>fillColor</key>
										<string>{1.000, 1.000, 1.000, 1.000}</string>
										<key>isDecreasingBranchThickness</key>
										<true/>
										<key>isDrawingFill</key>
										<false/>
										<key>isLeftAligned</key>
										<false/>
										<key>location</key>
										<string>{335.28515625, -31.65625}</string>
										<key>nodeID</key>
										<string>74A8671D-AFD1-435C-9BB7-70F4B6C6CE7E</string>
										<key>strokeColor</key>
										<string>{1.000, 0.742, 0.041, 1.000}</string>
										<key>strokeStyle</key>
										<integer>0</integer>
										<key>strokeWidth</key>
										<real>4</real>
										<key>subnodes</key>
										<array/>
										<key>title</key>
										<dict>
											<key>constrainedWidth</key>
											<integer>300</integer>
											<key>htmlText</key>
											<string>&lt;p style='color: rgba(91, 91, 91, 1.000000); font: 18px "Heiti SC"; -cocoa-font-postscriptname: "STHeitiSC-Light"; '&gt;Setting&lt;/p&gt;</string>
											<key>shrinkToFitContent</key>
											<integer>1</integer>
											<key>text</key>
											<string>{\rtf1\ansi\ansicpg936\cocoartf1347\cocoasubrtf570
{\fonttbl\f0\fnil\fcharset134 STHeitiSC-Light;}
{\colortbl;\red255\green255\blue255;\red91\green91\blue91;}
\pard\tx560\tx1120\tx1680\tx2240\tx2800\tx3360\tx3920\tx4480\tx5040\tx5600\tx6160\tx6720\pardirnatural

\f0\fs36 \cf2 Setting}</string>
										</dict>
									</dict>
									<dict>
										<key>contentAlignment</key>
										<integer>1</integer>
										<key>fillColor</key>
										<string>{1.000, 1.000, 1.000, 1.000}</string>
										<key>isDecreasingBranchThickness</key>
										<true/>
										<key>isDrawingFill</key>
										<false/>
										<key>isLeftAligned</key>
										<false/>
										<key>location</key>
										<string>{335.28515625, 3.34375}</string>
										<key>nodeID</key>
										<string>09035C82-EF4A-4D8E-8857-3DE59039038A</string>
										<key>strokeColor</key>
										<string>{1.000, 0.742, 0.041, 1.000}</string>
										<key>strokeStyle</key>
										<integer>0</integer>
										<key>strokeWidth</key>
										<real>4</real>
										<key>subnodes</key>
										<array/>
										<key>title</key>
										<dict>
											<key>constrainedWidth</key>
											<integer>300</integer>
											<key>htmlText</key>
											<string>&lt;p style='color: rgba(91, 91, 91, 1.000000); font: 18px "Heiti SC"; -cocoa-font-postscriptname: "STHeitiSC-Light"; '&gt;Release&lt;/p&gt;</string>
											<key>shrinkToFitContent</key>
											<integer>1</integer>
											<key>text</key>
											<string>{\rtf1\ansi\ansicpg936\cocoartf1347\cocoasubrtf570
{\fonttbl\f0\fnil\fcharset134 STHeitiSC-Light;}
{\colortbl;\red255\green255\blue255;\red91\green91\blue91;}
\pard\tx560\tx1120\tx1680\tx2240\tx2800\tx3360\tx3920\tx4480\tx5040\tx5600\tx6160\tx6720\pardirnatural

\f0\fs36 \cf2 Release}</string>
										</dict>
									</dict>
									<dict>
										<key>contentAlignment</key>
										<integer>1</integer>
										<key>fillColor</key>
										<string>{1.000, 1.000, 1.000, 1.000}</string>
										<key>isDecreasingBranchThickness</key>
										<true/>
										<key>isDrawingFill</key>
										<false/>
										<key>isLeftAligned</key>
										<false/>
										<key>location</key>
										<string>{335.28515625, 38.34375}</string>
										<key>nodeID</key>
										<string>47DEF90E-E0C9-4943-B6C9-7A2B0FF8C328</string>
										<key>strokeColor</key>
										<string>{1.000, 0.742, 0.041, 1.000}</string>
										<key>strokeStyle</key>
										<integer>0</integer>
										<key>strokeWidth</key>
										<real>4</real>
										<key>subnodes</key>
										<array/>
										<key>title</key>
										<dict>
											<key>constrainedWidth</key>
											<integer>300</integer>
											<key>htmlText</key>
											<string>&lt;p style='color: rgba(91, 91, 91, 1.000000); font: 18px "Heiti SC"; -cocoa-font-postscriptname: "STHeitiSC-Light"; '&gt;…&lt;/p&gt;</string>
											<key>shrinkToFitContent</key>
											<integer>1</integer>
											<key>text</key>
											<string>{\rtf1\ansi\ansicpg936\cocoartf1347\cocoasubrtf570
{\fonttbl\f0\fnil\fcharset134 STHeitiSC-Light;}
{\colortbl;\red255\green255\blue255;\red91\green91\blue91;}
\pard\tx560\tx1120\tx1680\tx2240\tx2800\tx3360\tx3920\tx4480\tx5040\tx5600\tx6160\tx6720\pardirnatural

\f0\fs36 \cf2 \'a1\'ad}</string>
										</dict>
									</dict>
								</array>
								<key>title</key>
								<dict>
									<key>constrainedWidth</key>
									<integer>300</integer>
									<key>htmlText</key>
									<string>&lt;p style='color: rgba(91, 91, 91, 1.000000); font: 18px "Heiti SC"; -cocoa-font-postscriptname: "STHeitiSC-Light"; '&gt;Other&lt;/p&gt;</string>
									<key>shrinkToFitContent</key>
									<integer>1</integer>
									<key>text</key>
									<string>{\rtf1\ansi\ansicpg936\cocoartf1347\cocoasubrtf570
{\fonttbl\f0\fnil\fcharset134 STHeitiSC-Light;}
{\colortbl;\red255\green255\blue255;\red91\green91\blue91;}
\pard\tx560\tx1120\tx1680\tx2240\tx2800\tx3360\tx3920\tx4480\tx5040\tx5600\tx6160\tx6720\pardirnatural

\f0\fs36 \cf2 Other}</string>
								</dict>
							</dict>
						</array>
						<key>title</key>
						<dict>
							<key>constrainedWidth</key>
							<integer>300</integer>
							<key>htmlText</key>
							<string>&lt;p style='color: rgba(91, 91, 91, 1.000000); font: 18px "Heiti SC"; -cocoa-font-postscriptname: "STHeitiSC-Light"; '&gt;ViewController&lt;/p&gt;</string>
							<key>shrinkToFitContent</key>
							<integer>1</integer>
							<key>text</key>
							<string>{\rtf1\ansi\ansicpg936\cocoartf1347\cocoasubrtf570
{\fonttbl\f0\fnil\fcharset134 STHeitiSC-Light;}
{\colortbl;\red255\green255\blue255;\red91\green91\blue91;}
\pard\tx560\tx1120\tx1680\tx2240\tx2800\tx3360\tx3920\tx4480\tx5040\tx5600\tx6160\tx6720\pardirnatural

\f0\fs36 \cf2 ViewController}</string>
						</dict>
					</dict>
					<dict>
						<key>contentAlignment</key>
						<integer>1</integer>
						<key>fillColor</key>
						<string>{1.000, 1.000, 1.000, 1.000}</string>
						<key>isDecreasingBranchThickness</key>
						<true/>
						<key>isDrawingFill</key>
						<false/>
						<key>isLeftAligned</key>
						<false/>
						<key>location</key>
						<string>{13.28515625, 160.84375}</string>
						<key>nodeID</key>
						<string>8BFFB8A8-0188-479C-91D6-B19578798C75</string>
						<key>strokeColor</key>
						<string>{0.136, 0.807, 0.880, 1.000}</string>
						<key>strokeStyle</key>
						<integer>0</integer>
						<key>strokeWidth</key>
						<real>6</real>
						<key>subnodes</key>
						<array>
							<dict>
								<key>contentAlignment</key>
								<integer>1</integer>
								<key>fillColor</key>
								<string>{1.000, 1.000, 1.000, 1.000}</string>
								<key>isDecreasingBranchThickness</key>
								<true/>
								<key>isDrawingFill</key>
								<false/>
								<key>isLeftAligned</key>
								<false/>
								<key>location</key>
								<string>{224.28515625, 73.34375}</string>
								<key>nodeID</key>
								<string>6A539009-2A1E-4F5E-B2C4-B1780F00698E</string>
								<key>strokeColor</key>
								<string>{0.136, 0.807, 0.880, 1.000}</string>
								<key>strokeStyle</key>
								<integer>0</integer>
								<key>strokeWidth</key>
								<real>5</real>
								<key>subnodes</key>
								<array/>
								<key>title</key>
								<dict>
									<key>constrainedWidth</key>
									<integer>300</integer>
									<key>htmlText</key>
									<string>&lt;p style='color: rgba(91, 91, 91, 1.000000); font: 18px "Heiti SC"; -cocoa-font-postscriptname: "STHeitiSC-Light"; '&gt;DataBase(数据库)&lt;/p&gt;</string>
									<key>shrinkToFitContent</key>
									<integer>1</integer>
									<key>text</key>
									<string>{\rtf1\ansi\ansicpg936\cocoartf1347\cocoasubrtf570
{\fonttbl\f0\fnil\fcharset134 STHeitiSC-Light;}
{\colortbl;\red255\green255\blue255;\red91\green91\blue91;}
\pard\tx560\tx1120\tx1680\tx2240\tx2800\tx3360\tx3920\tx4480\tx5040\tx5600\tx6160\tx6720\pardirnatural

\f0\fs36 \cf2 DataBase(\'ca\'fd\'be\'dd\'bf\'e2)}</string>
								</dict>
							</dict>
							<dict>
								<key>contentAlignment</key>
								<integer>1</integer>
								<key>fillColor</key>
								<string>{1.000, 1.000, 1.000, 1.000}</string>
								<key>isDecreasingBranchThickness</key>
								<true/>
								<key>isDrawingFill</key>
								<false/>
								<key>isLeftAligned</key>
								<false/>
								<key>location</key>
								<string>{224.28515625, 108.34375}</string>
								<key>nodeID</key>
								<string>B8678704-6592-4DE2-AC80-1347BFB9C3B9</string>
								<key>strokeColor</key>
								<string>{0.136, 0.807, 0.880, 1.000}</string>
								<key>strokeStyle</key>
								<integer>0</integer>
								<key>strokeWidth</key>
								<real>5</real>
								<key>subnodes</key>
								<array/>
								<key>title</key>
								<dict>
									<key>constrainedWidth</key>
									<integer>300</integer>
									<key>htmlText</key>
									<string>&lt;p style='color: rgba(91, 91, 91, 1.000000); font: 18px "Heiti SC"; -cocoa-font-postscriptname: "STHeitiSC-Light"; '&gt;Category（类别）&lt;/p&gt;</string>
									<key>shrinkToFitContent</key>
									<integer>1</integer>
									<key>text</key>
									<string>{\rtf1\ansi\ansicpg936\cocoartf1347\cocoasubrtf570
{\fonttbl\f0\fnil\fcharset134 STHeitiSC-Light;}
{\colortbl;\red255\green255\blue255;\red91\green91\blue91;}
\pard\tx560\tx1120\tx1680\tx2240\tx2800\tx3360\tx3920\tx4480\tx5040\tx5600\tx6160\tx6720\pardirnatural

\f0\fs36 \cf2 Category\'a3\'a8\'c0\'e0\'b1\'f0\'a3\'a9}</string>
								</dict>
							</dict>
							<dict>
								<key>contentAlignment</key>
								<integer>1</integer>
								<key>fillColor</key>
								<string>{1.000, 1.000, 1.000, 1.000}</string>
								<key>isDecreasingBranchThickness</key>
								<true/>
								<key>isDrawingFill</key>
								<false/>
								<key>isLeftAligned</key>
								<false/>
								<key>location</key>
								<string>{224.28515625, 143.34375}</string>
								<key>nodeID</key>
								<string>56BCB23A-7752-44D1-BD44-BC1D8AD83EC2</string>
								<key>strokeColor</key>
								<string>{0.136, 0.807, 0.880, 1.000}</string>
								<key>strokeStyle</key>
								<integer>0</integer>
								<key>strokeWidth</key>
								<real>5</real>
								<key>subnodes</key>
								<array/>
								<key>title</key>
								<dict>
									<key>constrainedWidth</key>
									<integer>300</integer>
									<key>htmlText</key>
									<string>&lt;p style='color: rgba(91, 91, 91, 1.000000); font: 18px "Heiti SC"; -cocoa-font-postscriptname: "STHeitiSC-Light"; '&gt;Network（网络）&lt;/p&gt;</string>
									<key>shrinkToFitContent</key>
									<integer>1</integer>
									<key>text</key>
									<string>{\rtf1\ansi\ansicpg936\cocoartf1347\cocoasubrtf570
{\fonttbl\f0\fnil\fcharset134 STHeitiSC-Light;}
{\colortbl;\red255\green255\blue255;\red91\green91\blue91;}
\pard\tx560\tx1120\tx1680\tx2240\tx2800\tx3360\tx3920\tx4480\tx5040\tx5600\tx6160\tx6720\pardirnatural

\f0\fs36 \cf2 Network\'a3\'a8\'cd\'f8\'c2\'e7\'a3\'a9}</string>
								</dict>
							</dict>
							<dict>
								<key>contentAlignment</key>
								<integer>1</integer>
								<key>fillColor</key>
								<string>{1.000, 1.000, 1.000, 1.000}</string>
								<key>isDecreasingBranchThickness</key>
								<true/>
								<key>isDrawingFill</key>
								<false/>
								<key>isLeftAligned</key>
								<false/>
								<key>location</key>
								<string>{224.28515625, 178.34375}</string>
								<key>nodeID</key>
								<string>869B686F-DDAC-4241-9745-DA1CF1C2B6CD</string>
								<key>strokeColor</key>
								<string>{0.136, 0.807, 0.880, 1.000}</string>
								<key>strokeStyle</key>
								<integer>0</integer>
								<key>strokeWidth</key>
								<real>5</real>
								<key>subnodes</key>
								<array/>
								<key>title</key>
								<dict>
									<key>constrainedWidth</key>
									<integer>300</integer>
									<key>htmlText</key>
									<string>&lt;p style='color: rgba(91, 91, 91, 1.000000); font: 18px "Heiti SC"; -cocoa-font-postscriptname: "STHeitiSC-Light"; '&gt;Tool（工具类）&lt;/p&gt;</string>
									<key>shrinkToFitContent</key>
									<integer>1</integer>
									<key>text</key>
									<string>{\rtf1\ansi\ansicpg936\cocoartf1347\cocoasubrtf570
{\fonttbl\f0\fnil\fcharset134 STHeitiSC-Light;}
{\colortbl;\red255\green255\blue255;\red91\green91\blue91;}
\pard\tx560\tx1120\tx1680\tx2240\tx2800\tx3360\tx3920\tx4480\tx5040\tx5600\tx6160\tx6720\pardirnatural

\f0\fs36 \cf2 Tool\'a3\'a8\'b9\'a4\'be\'df\'c0\'e0\'a3\'a9}</string>
								</dict>
							</dict>
							<dict>
								<key>contentAlignment</key>
								<integer>1</integer>
								<key>fillColor</key>
								<string>{1.000, 1.000, 1.000, 1.000}</string>
								<key>isDecreasingBranchThickness</key>
								<true/>
								<key>isDrawingFill</key>
								<false/>
								<key>isLeftAligned</key>
								<false/>
								<key>location</key>
								<string>{224.28515625, 213.34375}</string>
								<key>nodeID</key>
								<string>D3B81C79-D698-4079-AAD1-1D34CDA8A2BF</string>
								<key>strokeColor</key>
								<string>{0.136, 0.807, 0.880, 1.000}</string>
								<key>strokeStyle</key>
								<integer>0</integer>
								<key>strokeWidth</key>
								<real>5</real>
								<key>subnodes</key>
								<array/>
								<key>title</key>
								<dict>
									<key>constrainedWidth</key>
									<integer>300</integer>
									<key>htmlText</key>
									<string>&lt;p style='color: rgba(91, 91, 91, 1.000000); font: 18px "Heiti SC"; -cocoa-font-postscriptname: "STHeitiSC-Light"; '&gt;Macros（宏）&lt;/p&gt;</string>
									<key>shrinkToFitContent</key>
									<integer>1</integer>
									<key>text</key>
									<string>{\rtf1\ansi\ansicpg936\cocoartf1347\cocoasubrtf570
{\fonttbl\f0\fnil\fcharset134 STHeitiSC-Light;}
{\colortbl;\red255\green255\blue255;\red91\green91\blue91;}
\pard\tx560\tx1120\tx1680\tx2240\tx2800\tx3360\tx3920\tx4480\tx5040\tx5600\tx6160\tx6720\pardirnatural

\f0\fs36 \cf2 Macros\'a3\'a8\'ba\'ea\'a3\'a9}</string>
								</dict>
							</dict>
							<dict>
								<key>contentAlignment</key>
								<integer>1</integer>
								<key>fillColor</key>
								<string>{1.000, 1.000, 1.000, 1.000}</string>
								<key>isDecreasingBranchThickness</key>
								<true/>
								<key>isDrawingFill</key>
								<false/>
								<key>isLeftAligned</key>
								<false/>
								<key>location</key>
								<string>{224.28515625, 248.34375}</string>
								<key>nodeID</key>
								<string>34729A09-1BFF-43D7-AA90-87621F4FFED7</string>
								<key>strokeColor</key>
								<string>{0.136, 0.807, 0.880, 1.000}</string>
								<key>strokeStyle</key>
								<integer>0</integer>
								<key>strokeWidth</key>
								<real>5</real>
								<key>subnodes</key>
								<array/>
								<key>title</key>
								<dict>
									<key>constrainedWidth</key>
									<integer>300</integer>
									<key>htmlText</key>
									<string>&lt;p style='color: rgba(91, 91, 91, 1.000000); font: 18px "Heiti SC"; -cocoa-font-postscriptname: "STHeitiSC-Light"; '&gt;Const（常量）&lt;/p&gt;</string>
									<key>shrinkToFitContent</key>
									<integer>1</integer>
									<key>text</key>
									<string>{\rtf1\ansi\ansicpg936\cocoartf1347\cocoasubrtf570
{\fonttbl\f0\fnil\fcharset134 STHeitiSC-Light;}
{\colortbl;\red255\green255\blue255;\red91\green91\blue91;}
\pard\tx560\tx1120\tx1680\tx2240\tx2800\tx3360\tx3920\tx4480\tx5040\tx5600\tx6160\tx6720\pardirnatural

\f0\fs36 \cf2 Const\'a3\'a8\'b3\'a3\'c1\'bf\'a3\'a9}</string>
								</dict>
							</dict>
						</array>
						<key>title</key>
						<dict>
							<key>constrainedWidth</key>
							<integer>300</integer>
							<key>htmlText</key>
							<string>&lt;p style='color: rgba(91, 91, 91, 1.000000); font: 18px "Heiti SC"; -cocoa-font-postscriptname: "STHeitiSC-Light"; '&gt;Expand（扩展）&lt;/p&gt;</string>
							<key>shrinkToFitContent</key>
							<integer>1</integer>
							<key>text</key>
							<string>{\rtf1\ansi\ansicpg936\cocoartf1347\cocoasubrtf570
{\fonttbl\f0\fnil\fcharset134 STHeitiSC-Light;}
{\colortbl;\red255\green255\blue255;\red91\green91\blue91;}
\pard\tx560\tx1120\tx1680\tx2240\tx2800\tx3360\tx3920\tx4480\tx5040\tx5600\tx6160\tx6720\pardirnatural

\f0\fs36 \cf2 Expand\'a3\'a8\'c0\'a9\'d5\'b9\'a3\'a9}</string>
						</dict>
					</dict>
					<dict>
						<key>contentAlignment</key>
						<integer>1</integer>
						<key>fillColor</key>
						<string>{1.000, 1.000, 1.000, 1.000}</string>
						<key>isDecreasingBranchThickness</key>
						<true/>
						<key>isDrawingFill</key>
						<false/>
						<key>isLeftAligned</key>
						<false/>
						<key>location</key>
						<string>{13.28515625, 318.34375}</string>
						<key>nodeID</key>
						<string>8835A6F1-CA7C-4769-9A30-1D24575C691A</string>
						<key>strokeColor</key>
						<string>{0.822, 0.084, 0.348, 1.000}</string>
						<key>strokeStyle</key>
						<integer>0</integer>
						<key>strokeWidth</key>
						<real>6</real>
						<key>subnodes</key>
						<array>
							<dict>
								<key>contentAlignment</key>
								<integer>1</integer>
								<key>fillColor</key>
								<string>{1.000, 1.000, 1.000, 1.000}</string>
								<key>isDecreasingBranchThickness</key>
								<true/>
								<key>isDrawingFill</key>
								<false/>
								<key>isLeftAligned</key>
								<false/>
								<key>location</key>
								<string>{240.28515625, 283.34375}</string>
								<key>nodeID</key>
								<string>B128B090-4D17-4B64-8D81-9021026FD932</string>
								<key>strokeColor</key>
								<string>{0.822, 0.084, 0.348, 1.000}</string>
								<key>strokeStyle</key>
								<integer>0</integer>
								<key>strokeWidth</key>
								<real>5</real>
								<key>subnodes</key>
								<array/>
								<key>title</key>
								<dict>
									<key>constrainedWidth</key>
									<integer>300</integer>
									<key>htmlText</key>
									<string>&lt;p style='color: rgba(91, 91, 91, 1.000000); font: 18px "Heiti SC"; -cocoa-font-postscriptname: "STHeitiSC-Light"; '&gt;AFNetworking&lt;/p&gt;</string>
									<key>shrinkToFitContent</key>
									<integer>1</integer>
									<key>text</key>
									<string>{\rtf1\ansi\ansicpg936\cocoartf1347\cocoasubrtf570
{\fonttbl\f0\fnil\fcharset134 STHeitiSC-Light;}
{\colortbl;\red255\green255\blue255;\red91\green91\blue91;}
\pard\tx560\tx1120\tx1680\tx2240\tx2800\tx3360\tx3920\tx4480\tx5040\tx5600\tx6160\tx6720\pardirnatural

\f0\fs36 \cf2 AFNetworking}</string>
								</dict>
							</dict>
							<dict>
								<key>contentAlignment</key>
								<integer>1</integer>
								<key>fillColor</key>
								<string>{1.000, 1.000, 1.000, 1.000}</string>
								<key>isDecreasingBranchThickness</key>
								<true/>
								<key>isDrawingFill</key>
								<false/>
								<key>isLeftAligned</key>
								<false/>
								<key>location</key>
								<string>{240.28515625, 318.34375}</string>
								<key>nodeID</key>
								<string>7BCE1C91-95CC-4331-B98A-8471009E26F3</string>
								<key>strokeColor</key>
								<string>{0.822, 0.084, 0.348, 1.000}</string>
								<key>strokeStyle</key>
								<integer>0</integer>
								<key>strokeWidth</key>
								<real>5</real>
								<key>subnodes</key>
								<array/>
								<key>title</key>
								<dict>
									<key>constrainedWidth</key>
									<integer>300</integer>
									<key>htmlText</key>
									<string>&lt;p style='color: rgba(91, 91, 91, 1.000000); font: 18px "Heiti SC"; -cocoa-font-postscriptname: "STHeitiSC-Light"; '&gt;SDWebImage&lt;/p&gt;</string>
									<key>shrinkToFitContent</key>
									<integer>1</integer>
									<key>text</key>
									<string>{\rtf1\ansi\ansicpg936\cocoartf1347\cocoasubrtf570
{\fonttbl\f0\fnil\fcharset134 STHeitiSC-Light;}
{\colortbl;\red255\green255\blue255;\red91\green91\blue91;}
\pard\tx560\tx1120\tx1680\tx2240\tx2800\tx3360\tx3920\tx4480\tx5040\tx5600\tx6160\tx6720\pardirnatural

\f0\fs36 \cf2 SDWebImage}</string>
								</dict>
							</dict>
							<dict>
								<key>contentAlignment</key>
								<integer>1</integer>
								<key>fillColor</key>
								<string>{1.000, 1.000, 1.000, 1.000}</string>
								<key>isDecreasingBranchThickness</key>
								<true/>
								<key>isDrawingFill</key>
								<false/>
								<key>isLeftAligned</key>
								<false/>
								<key>location</key>
								<string>{240.28515625, 353.34375}</string>
								<key>nodeID</key>
								<string>7587DA52-2797-41F2-BB8C-360BCF923DE1</string>
								<key>strokeColor</key>
								<string>{0.822, 0.084, 0.348, 1.000}</string>
								<key>strokeStyle</key>
								<integer>0</integer>
								<key>strokeWidth</key>
								<real>5</real>
								<key>subnodes</key>
								<array/>
								<key>title</key>
								<dict>
									<key>constrainedWidth</key>
									<integer>300</integer>
									<key>htmlText</key>
									<string>&lt;p style='color: rgba(91, 91, 91, 1.000000); font: 18px "Heiti SC"; -cocoa-font-postscriptname: "STHeitiSC-Light"; '&gt;…&lt;/p&gt;</string>
									<key>shrinkToFitContent</key>
									<integer>1</integer>
									<key>text</key>
									<string>{\rtf1\ansi\ansicpg936\cocoartf1347\cocoasubrtf570
{\fonttbl\f0\fnil\fcharset134 STHeitiSC-Light;}
{\colortbl;\red255\green255\blue255;\red91\green91\blue91;}
\pard\tx560\tx1120\tx1680\tx2240\tx2800\tx3360\tx3920\tx4480\tx5040\tx5600\tx6160\tx6720\pardirnatural

\f0\fs36 \cf2 \'a1\'ad}</string>
								</dict>
							</dict>
						</array>
						<key>title</key>
						<dict>
							<key>constrainedWidth</key>
							<integer>300</integer>
							<key>htmlText</key>
							<string>&lt;p style='color: rgba(91, 91, 91, 1.000000); font: 18px "Heiti SC"; -cocoa-font-postscriptname: "STHeitiSC-Light"; '&gt;Vender（第三方）&lt;/p&gt;</string>
							<key>shrinkToFitContent</key>
							<integer>1</integer>
							<key>text</key>
							<string>{\rtf1\ansi\ansicpg936\cocoartf1347\cocoasubrtf570
{\fonttbl\f0\fnil\fcharset134 STHeitiSC-Light;}
{\colortbl;\red255\green255\blue255;\red91\green91\blue91;}
\pard\tx560\tx1120\tx1680\tx2240\tx2800\tx3360\tx3920\tx4480\tx5040\tx5600\tx6160\tx6720\pardirnatural

\f0\fs36 \cf2 Vender\'a3\'a8\'b5\'da\'c8\'fd\'b7\'bd\'a3\'a9}</string>
						</dict>
					</dict>
					<dict>
						<key>contentAlignment</key>
						<integer>1</integer>
						<key>fillColor</key>
						<string>{1.000, 1.000, 1.000, 1.000}</string>
						<key>isDecreasingBranchThickness</key>
						<true/>
						<key>isDrawingFill</key>
						<false/>
						<key>isLeftAligned</key>
						<false/>
						<key>location</key>
						<string>{13.28515625, 423.34375}</string>
						<key>nodeID</key>
						<string>864183E5-B1F0-4D75-968E-C0B0612D5082</string>
						<key>strokeColor</key>
						<string>{0.194, 0.734, 0.282, 1.000}</string>
						<key>strokeStyle</key>
						<integer>0</integer>
						<key>strokeWidth</key>
						<real>6</real>
						<key>subnodes</key>
						<array>
							<dict>
								<key>contentAlignment</key>
								<integer>1</integer>
								<key>fillColor</key>
								<string>{1.000, 1.000, 1.000, 1.000}</string>
								<key>isDecreasingBranchThickness</key>
								<true/>
								<key>isDrawingFill</key>
								<false/>
								<key>isLeftAligned</key>
								<false/>
								<key>location</key>
								<string>{167.28515625, 388.34375}</string>
								<key>nodeID</key>
								<string>C8F3072D-9762-407C-91D5-BD6E8A15980B</string>
								<key>strokeColor</key>
								<string>{0.194, 0.734, 0.282, 1.000}</string>
								<key>strokeStyle</key>
								<integer>0</integer>
								<key>strokeWidth</key>
								<real>5</real>
								<key>subnodes</key>
								<array/>
								<key>title</key>
								<dict>
									<key>constrainedWidth</key>
									<integer>300</integer>
									<key>htmlText</key>
									<string>&lt;p style='color: rgba(91, 91, 91, 1.000000); font: 18px "Heiti SC"; -cocoa-font-postscriptname: "STHeitiSC-Light"; '&gt;Plist&lt;/p&gt;</string>
									<key>shrinkToFitContent</key>
									<integer>1</integer>
									<key>text</key>
									<string>{\rtf1\ansi\ansicpg936\cocoartf1347\cocoasubrtf570
{\fonttbl\f0\fnil\fcharset134 STHeitiSC-Light;}
{\colortbl;\red255\green255\blue255;\red91\green91\blue91;}
\pard\tx560\tx1120\tx1680\tx2240\tx2800\tx3360\tx3920\tx4480\tx5040\tx5600\tx6160\tx6720\pardirnatural

\f0\fs36 \cf2 Plist}</string>
								</dict>
							</dict>
							<dict>
								<key>contentAlignment</key>
								<integer>1</integer>
								<key>fillColor</key>
								<string>{1.000, 1.000, 1.000, 1.000}</string>
								<key>isDecreasingBranchThickness</key>
								<true/>
								<key>isDrawingFill</key>
								<false/>
								<key>isLeftAligned</key>
								<false/>
								<key>location</key>
								<string>{167.28515625, 423.34375}</string>
								<key>nodeID</key>
								<string>37E2E0D1-2EA7-4780-B7BE-3356A8C29DAE</string>
								<key>strokeColor</key>
								<string>{0.194, 0.734, 0.282, 1.000}</string>
								<key>strokeStyle</key>
								<integer>0</integer>
								<key>strokeWidth</key>
								<real>5</real>
								<key>subnodes</key>
								<array/>
								<key>title</key>
								<dict>
									<key>constrainedWidth</key>
									<integer>300</integer>
									<key>htmlText</key>
									<string>&lt;p style='color: rgba(91, 91, 91, 1.000000); font: 18px "Heiti SC"; -cocoa-font-postscriptname: "STHeitiSC-Light"; '&gt;Image&lt;/p&gt;</string>
									<key>shrinkToFitContent</key>
									<integer>1</integer>
									<key>text</key>
									<string>{\rtf1\ansi\ansicpg936\cocoartf1347\cocoasubrtf570
{\fonttbl\f0\fnil\fcharset134 STHeitiSC-Light;}
{\colortbl;\red255\green255\blue255;\red91\green91\blue91;}
\pard\tx560\tx1120\tx1680\tx2240\tx2800\tx3360\tx3920\tx4480\tx5040\tx5600\tx6160\tx6720\pardirnatural

\f0\fs36 \cf2 Image}</string>
								</dict>
							</dict>
							<dict>
								<key>contentAlignment</key>
								<integer>1</integer>
								<key>fillColor</key>
								<string>{1.000, 1.000, 1.000, 1.000}</string>
								<key>isDecreasingBranchThickness</key>
								<true/>
								<key>isDrawingFill</key>
								<false/>
								<key>isLeftAligned</key>
								<false/>
								<key>location</key>
								<string>{167.28515625, 458.34375}</string>
								<key>nodeID</key>
								<string>5859C7CF-C951-4230-A720-9B4C7B470987</string>
								<key>strokeColor</key>
								<string>{0.194, 0.734, 0.282, 1.000}</string>
								<key>strokeStyle</key>
								<integer>0</integer>
								<key>strokeWidth</key>
								<real>5</real>
								<key>subnodes</key>
								<array/>
								<key>title</key>
								<dict>
									<key>constrainedWidth</key>
									<integer>300</integer>
									<key>htmlText</key>
									<string>&lt;p style='color: rgba(91, 91, 91, 1.000000); font: 18px "Heiti SC"; -cocoa-font-postscriptname: "STHeitiSC-Light"; '&gt;Other&lt;/p&gt;</string>
									<key>shrinkToFitContent</key>
									<integer>1</integer>
									<key>text</key>
									<string>{\rtf1\ansi\ansicpg936\cocoartf1347\cocoasubrtf570
{\fonttbl\f0\fnil\fcharset134 STHeitiSC-Light;}
{\colortbl;\red255\green255\blue255;\red91\green91\blue91;}
\pard\tx560\tx1120\tx1680\tx2240\tx2800\tx3360\tx3920\tx4480\tx5040\tx5600\tx6160\tx6720\pardirnatural

\f0\fs36 \cf2 Other}</string>
								</dict>
							</dict>
						</array>
						<key>title</key>
						<dict>
							<key>constrainedWidth</key>
							<integer>300</integer>
							<key>htmlText</key>
							<string>&lt;p style='color: rgba(91, 91, 91, 1.000000); font: 18px "Heiti SC"; -cocoa-font-postscriptname: "STHeitiSC-Light"; '&gt;Resource&lt;/p&gt;</string>
							<key>shrinkToFitContent</key>
							<integer>1</integer>
							<key>text</key>
							<string>{\rtf1\ansi\ansicpg936\cocoartf1347\cocoasubrtf570
{\fonttbl\f0\fnil\fcharset134 STHeitiSC-Light;}
{\colortbl;\red255\green255\blue255;\red91\green91\blue91;}
\pard\tx560\tx1120\tx1680\tx2240\tx2800\tx3360\tx3920\tx4480\tx5040\tx5600\tx6160\tx6720\pardirnatural

\f0\fs36 \cf2 Resource}</string>
						</dict>
					</dict>
					<dict>
						<key>contentAlignment</key>
						<integer>1</integer>
						<key>fillColor</key>
						<string>{1.000, 1.000, 1.000, 1.000}</string>
						<key>isDecreasingBranchThickness</key>
						<true/>
						<key>isDrawingFill</key>
						<false/>
						<key>isLeftAligned</key>
						<false/>
						<key>location</key>
						<string>{13.28515625, 528.34375}</string>
						<key>nodeID</key>
						<string>F124A6D6-1391-4864-8982-D8D74271A39B</string>
						<key>strokeColor</key>
						<string>{0.689, 0.215, 0.952, 1.000}</string>
						<key>strokeStyle</key>
						<integer>0</integer>
						<key>strokeWidth</key>
						<real>6</real>
						<key>subnodes</key>
						<array>
							<dict>
								<key>contentAlignment</key>
								<integer>1</integer>
								<key>fillColor</key>
								<string>{1.000, 1.000, 1.000, 1.000}</string>
								<key>isDecreasingBranchThickness</key>
								<true/>
								<key>isDrawingFill</key>
								<false/>
								<key>isLeftAligned</key>
								<false/>
								<key>location</key>
								<string>{135.28515625, 493.34375}</string>
								<key>nodeID</key>
								<string>7DF77531-3D18-4E2B-9902-A7AE452D0347</string>
								<key>strokeColor</key>
								<string>{0.689, 0.215, 0.952, 1.000}</string>
								<key>strokeStyle</key>
								<integer>0</integer>
								<key>strokeWidth</key>
								<real>5</real>
								<key>subnodes</key>
								<array/>
								<key>title</key>
								<dict>
									<key>constrainedWidth</key>
									<integer>300</integer>
									<key>htmlText</key>
									<string>&lt;p style='color: rgba(91, 91, 91, 1.000000); font: 18px "Heiti SC"; -cocoa-font-postscriptname: "STHeitiSC-Light"; '&gt;AppDelegate.h&lt;/p&gt;</string>
									<key>shrinkToFitContent</key>
									<integer>1</integer>
									<key>text</key>
									<string>{\rtf1\ansi\ansicpg936\cocoartf1347\cocoasubrtf570
{\fonttbl\f0\fnil\fcharset134 STHeitiSC-Light;}
{\colortbl;\red255\green255\blue255;\red91\green91\blue91;}
\pard\tx560\tx1120\tx1680\tx2240\tx2800\tx3360\tx3920\tx4480\tx5040\tx5600\tx6160\tx6720\pardirnatural

\f0\fs36 \cf2 AppDelegate.h}</string>
								</dict>
							</dict>
							<dict>
								<key>contentAlignment</key>
								<integer>1</integer>
								<key>fillColor</key>
								<string>{1.000, 1.000, 1.000, 1.000}</string>
								<key>isDecreasingBranchThickness</key>
								<true/>
								<key>isDrawingFill</key>
								<false/>
								<key>isLeftAligned</key>
								<false/>
								<key>location</key>
								<string>{135.28515625, 528.34375}</string>
								<key>nodeID</key>
								<string>864BD9F1-1FA8-48F4-B021-F24876E4CA9B</string>
								<key>strokeColor</key>
								<string>{0.689, 0.215, 0.952, 1.000}</string>
								<key>strokeStyle</key>
								<integer>0</integer>
								<key>strokeWidth</key>
								<real>5</real>
								<key>subnodes</key>
								<array/>
								<key>title</key>
								<dict>
									<key>constrainedWidth</key>
									<integer>300</integer>
									<key>htmlText</key>
									<string>&lt;p style='color: rgba(91, 91, 91, 1.000000); font: 18px "Heiti SC"; -cocoa-font-postscriptname: "STHeitiSC-Light"; '&gt;AppDelegate.m&lt;/p&gt;</string>
									<key>shrinkToFitContent</key>
									<integer>1</integer>
									<key>text</key>
									<string>{\rtf1\ansi\ansicpg936\cocoartf1347\cocoasubrtf570
{\fonttbl\f0\fnil\fcharset134 STHeitiSC-Light;}
{\colortbl;\red255\green255\blue255;\red91\green91\blue91;}
\pard\tx560\tx1120\tx1680\tx2240\tx2800\tx3360\tx3920\tx4480\tx5040\tx5600\tx6160\tx6720\pardirnatural

\f0\fs36 \cf2 AppDelegate.m}</string>
								</dict>
							</dict>
							<dict>
								<key>contentAlignment</key>
								<integer>1</integer>
								<key>fillColor</key>
								<string>{1.000, 1.000, 1.000, 1.000}</string>
								<key>isDecreasingBranchThickness</key>
								<true/>
								<key>isDrawingFill</key>
								<false/>
								<key>isLeftAligned</key>
								<false/>
								<key>location</key>
								<string>{135.28515625, 563.34375}</string>
								<key>nodeID</key>
								<string>53E67C25-A2F5-4E82-8688-0E0E20487187</string>
								<key>strokeColor</key>
								<string>{0.689, 0.215, 0.952, 1.000}</string>
								<key>strokeStyle</key>
								<integer>0</integer>
								<key>strokeWidth</key>
								<real>5</real>
								<key>subnodes</key>
								<array/>
								<key>title</key>
								<dict>
									<key>constrainedWidth</key>
									<integer>300</integer>
									<key>htmlText</key>
									<string>&lt;p style='color: rgba(91, 91, 91, 1.000000); font: 18px "Heiti SC"; -cocoa-font-postscriptname: "STHeitiSC-Light"; '&gt;main.m&lt;/p&gt;</string>
									<key>shrinkToFitContent</key>
									<integer>1</integer>
									<key>text</key>
									<string>{\rtf1\ansi\ansicpg936\cocoartf1347\cocoasubrtf570
{\fonttbl\f0\fnil\fcharset134 STHeitiSC-Light;}
{\colortbl;\red255\green255\blue255;\red91\green91\blue91;}
\pard\tx560\tx1120\tx1680\tx2240\tx2800\tx3360\tx3920\tx4480\tx5040\tx5600\tx6160\tx6720\pardirnatural

\f0\fs36 \cf2 main.m}</string>
								</dict>
							</dict>
						</array>
						<key>title</key>
						<dict>
							<key>constrainedWidth</key>
							<integer>300</integer>
							<key>htmlText</key>
							<string>&lt;p style='color: rgba(91, 91, 91, 1.000000); font: 18px "Heiti SC"; -cocoa-font-postscriptname: "STHeitiSC-Light"; '&gt;Other&lt;/p&gt;</string>
							<key>shrinkToFitContent</key>
							<integer>1</integer>
							<key>text</key>
							<string>{\rtf1\ansi\ansicpg936\cocoartf1347\cocoasubrtf570
{\fonttbl\f0\fnil\fcharset134 STHeitiSC-Light;}
{\colortbl;\red255\green255\blue255;\red91\green91\blue91;}
\pard\tx560\tx1120\tx1680\tx2240\tx2800\tx3360\tx3920\tx4480\tx5040\tx5600\tx6160\tx6720\pardirnatural

\f0\fs36 \cf2 Other}</string>
						</dict>
					</dict>
				</array>
				<key>title</key>
				<dict>
					<key>constrainedWidth</key>
					<integer>300</integer>
					<key>htmlText</key>
					<string>&lt;p style='color: rgba(21, 122, 150, 1.000000); font: 21px "Heiti SC"; -cocoa-font-postscriptname: "STHeitiSC-Light"; '&gt;目录结构一&lt;/p&gt;</string>
					<key>shrinkToFitContent</key>
					<integer>1</integer>
					<key>text</key>
					<string>{\rtf1\ansi\ansicpg936\cocoartf1347\cocoasubrtf570
{\fonttbl\f0\fnil\fcharset134 STHeitiSC-Light;}
{\colortbl;\red255\green255\blue255;\red22\green123\blue151;}
\pard\tx560\tx1120\tx1680\tx2240\tx2800\tx3360\tx3920\tx4480\tx5040\tx5600\tx6160\tx6720\pardirnatural

\f0\fs42 \cf2 \'c4\'bf\'c2\'bc\'bd\'e1\'b9\'b9\'d2\'bb}</string>
				</dict>
			</dict>
		</array>
	</dict>
	<key>printInfo</key>
	<data>
	BAtzdHJlYW10eXBlZIHoA4QBQISEhAtOU1ByaW50SW5mbwGEhAhOU09iamVjdACFkoSE
	hBNOU011dGFibGVEaWN0aW9uYXJ5AISEDE5TRGljdGlvbmFyeQCUhAFpCJKEhIQITlNT
	dHJpbmcBlIQBKxZOU0hvcml6b250YWxseUNlbnRlcmVkhpKEhIQITlNOdW1iZXIAhIQH
	TlNWYWx1ZQCUhAEqhIQBY50BhpKEmZkNTlNSaWdodE1hcmdpboaShJuchIQBZp5IhpKE
	mZkMTlNMZWZ0TWFyZ2luhpKEm5ygnkiGkoSZmRVOU0hvcml6b25hbFBhZ2luYXRpb26G
	koSbnISXlwKGkoSZmRROU1ZlcnRpY2FsUGFnaW5hdGlvboaShJucpZcAhpKEmZkUTlNW
	ZXJ0aWNhbGx5Q2VudGVyZWSGkpqShJmZC05TVG9wTWFyZ2luhpKEm5ygnlqGkoSZmQ5O
	U0JvdHRvbU1hcmdpboaShJucoJ5ahoaG
	</data>
	<key>title</key>
	<string>目录结构一</string>
	<key>version</key>
	<integer>4</integer>
</dict>
</plist>
